product_id,cmno,name,category_id,category,is_main,is_protein,price,calories,protein,fat,carb,sugar,sodium,n_servings,price_source
1,0558422,鹽蔥燒肉飯糰,1,壽司手卷飯糰,1,1,49,174.0,5.7,3.2,30.8,0.0,349.0,1,tier
2,0612008,鮪魚飯糰,1,壽司手卷飯糰,1,1,49,188.0,5.0,4.3,32.0,0.8,195.0,1,tier
3,0615010,雞肉飯飯糰,1,壽司手卷飯糰,1,1,49,181.0,5.1,3.5,32.3,1.1,294.0,1,tier
4,0775379,壹號醬炙烤牛飯糰,1,壽司手卷飯糰,1,1,59,191.0,4.7,2.8,36.5,3.8,396.0,1,tier
5,0843029,麻油雞飯糰,1,壽司手卷飯糰,1,1,69,319.0,9.9,11.2,44.7,1.4,829.0,1,tier
6,0909839,碳烤燒肉飯飯糰,1,壽司手卷飯糰,1,1,49,184.0,5.8,2.9,33.6,2.2,338.0,1,tier
7,0943518,大口蒜味香腸燒肉雙拼飯糰,1,壽司手卷飯糰,1,1,79,392.0,12.7,10.5,61.9,3.3,1023.0,1,tier
8,0954525,淡麗清酒蒸蛤蜊烤飯糰,1,壽司手卷飯糰,1,0,69,177.0,5.3,2.6,33.0,0.0,349.0,1,tier
9,0984449,大口義式香草雞腿排飯糰,1,壽司手卷飯糰,1,1,79,356.0,15.8,12.4,45.6,1.5,818.0,1,tier
10,1080915,芝麻香鬆飯糰(植覺生活),1,壽司手卷飯糰,1,0,49,229.0,5.6,6.0,38.1,9.0,211.0,1,tier
11,1108529,明太子龍蝦風味沙拉飯糰,1,壽司手卷飯糰,1,1,49,185.0,4.3,4.2,32.3,0.9,329.0,1,tier
12,1123941,贅澤鮭魚肚飯糰,1,壽司手卷飯糰,1,1,69,173.0,6.3,3.3,29.5,0.0,277.0,1,tier
13,1166915,大口日式塔塔醬蝦排飯糰,1,壽司手卷飯糰,1,1,79,417.0,10.5,20.1,48.7,4.9,551.0,1,tier
14,1169404,糖燻野郎起司炙燒牛烤飯糰,1,壽司手卷飯糰,1,1,69,222.0,6.1,5.1,37.9,4.3,353.0,1,tier
15,1179792,蔬食鮪魚飯糰(植覺生活),1,壽司手卷飯糰,1,1,49,186.0,4.5,3.8,33.4,1.7,370.0,1,tier
16,1179829,大口歐風焙煎咖哩漢堡排飯糰,1,壽司手卷飯糰,1,1,79,378.0,13.4,14.8,48.1,3.2,638.0,1,tier
17,1194887,熟成紅鮭飯糰,1,壽司手卷飯糰,1,1,69,164.0,5.6,2.1,30.5,0.0,442.0,1,tier
18,1195097,北海道秋鮭親子飯糰,1,壽司手卷飯糰,1,1,69,186.0,5.6,4.7,30.4,0.0,268.0,1,tier
19,1197299,三杯醬爆菇菇飯糰(植覺生活),1,壽司手卷飯糰,1,0,49,162.0,4.2,1.8,32.2,1.0,326.0,1,tier
20,1234683,經典肉鬆飯糰,1,壽司手卷飯糰,1,1,49,223.0,6.4,5.3,37.2,2.3,254.0,1,tier
21,1235889,大飯糰韓式蒜烤豬五花,1,壽司手卷飯糰,1,1,40,222.0,5.3,4.3,40.7,1.0,303.0,1,curated
22,1269470,兩粒飯糰(鮪魚、焦糖鮭魚),1,壽司手卷飯糰,1,1,69,346.0,6.9,7.9,61.8,1.3,636.0,1,tier
23,1317744,大口起司熔岩白醬炸魚飯糰,1,壽司手卷飯糰,1,1,79,404.0,12.3,15.3,54.1,1.9,599.0,1,tier
24,1330605,鮭魚奶油醬油飯糰,1,壽司手卷飯糰,1,1,49,172.0,4.5,1.9,34.2,0.6,274.0,1,tier
25,1395639,煙燻培根飯糰,1,壽司手卷飯糰,1,0,49,159.0,4.2,2.2,30.7,0.6,231.0,1,tier
26,1406585,鮮蝦旬彩炊飯飯糰,1,壽司手卷飯糰,1,1,40,157.0,4.1,1.1,32.9,3.3,436.0,1,curated
27,1416946,溏心蛋五目飯糰,1,壽司手卷飯糰,1,1,59,164.0,2.9,2.4,32.8,0.7,501.0,1,tier
28,1417706,鹽蔥生鮭飯糰,1,壽司手卷飯糰,1,1,69,155.0,5.1,1.9,29.4,0.0,303.0,1,tier
29,1417710,鹽水G絲飯糰,1,壽司手卷飯糰,1,0,49,164.0,4.7,2.1,31.5,0.0,283.0,1,tier
30,1417724,山葵章魚飯糰,1,壽司手卷飯糰,1,1,69,152.0,4.4,0.7,32.0,0.0,243.0,1,tier
31,1417738,柚檸海灣貝飯糰,1,壽司手卷飯糰,1,0,69,144.0,4.2,0.5,30.7,0.8,273.0,1,tier
32,1452463,一配椒鹽檸檬鯖魚飯糰,1,壽司手卷飯糰,1,1,59,156.0,5.4,1.3,30.6,4.2,352.0,1,tier
33,1452477,黑胡椒洋蔥豬飯糰,1,壽司手卷飯糰,1,1,49,167.0,4.3,1.2,34.8,1.3,366.0,1,tier
34,1172495,正男醬香烤飯糰(2入),15,冷凍食品,1,0,130,340.0,7.0,2.2,73.0,3.4,284.0,2,curated
35,1172504,小白起司烤飯糰(2入),15,冷凍食品,1,1,130,380.0,10.0,5.8,72.4,4.4,472.0,2,curated
36,1275819,香腸腿排雙拼便當,2,主餐麵食,1,1,99,652.0,24.3,21.7,89.8,7.6,974.0,1,tier
37,1452772,懷舊滷雙拼便當,2,主餐麵食,1,1,109,676.0,38.1,14.8,97.2,9.4,1196.0,1,tier
38,0226225,香辣醬香腸蛋炒飯,2,主餐麵食,1,1,109,815.0,18.6,36.3,103.7,2.2,1310.0,1,tier
39,1324402,鮭魚蛋炒飯,2,主餐麵食,1,1,109,688.0,20.6,22.4,100.7,0.0,1372.0,1,tier
40,2410549,輕鬆生活鮭魚炒飯,15,冷凍食品,1,1,65,556.0,15.7,15.7,87.7,2.2,660.0,1,curated
41,2410553,輕鬆生活蝦仁炒飯,15,冷凍食品,1,1,65,547.0,13.5,18.2,82.2,3.6,762.0,1,curated
42,2410694,輕鬆生活素三杯炒飯,15,冷凍食品,1,1,65,620.0,16.8,19.1,95.2,1.1,1012.0,1,curated
43,2410721,薑黃素炒飯,15,冷凍食品,1,1,65,575.0,12.4,17.0,93.2,10.7,965.0,1,curated
44,2411327,紅藜蔬食炒飯,15,冷凍食品,1,1,65,515.0,13.7,17.2,76.4,5.0,1111.0,1,curated
45,0910569,川味麻婆燒豆腐燴飯,2,主餐麵食,1,1,99,684.0,26.5,19.8,99.2,0.0,1592.0,1,tier
46,1167775,港式香滑嫩蛋牛肉燴飯,2,主餐麵食,1,1,99,521.0,20.4,5.2,97.6,0.0,1332.0,1,tier
47,1429632,蔥爆牛肉燴飯,2,主餐麵食,1,1,109,617.0,22.8,14.5,98.9,5.0,1254.0,1,tier
48,0791147,火腿起司蛋三明治,3,三明治漢堡,1,1,49,202.0,6.2,10.4,21.1,4.1,358.0,1,tier
49,1088763,香鬆起司蛋三明治(植覺生活),3,三明治漢堡,1,1,49,201.0,6.1,9.9,22.1,6.5,316.0,1,tier
50,1166892,紐奧良風味烤雞鮮蔬三明治,3,三明治漢堡,1,1,69,205.0,14.0,7.5,20.5,5.0,626.0,1,tier
51,1231249,經典火腿玉米蛋三明治,3,三明治漢堡,1,1,59,168.0,8.6,8.8,13.5,1.3,388.0,1,tier
52,1234506,雞蛋沙拉三明治,3,三明治漢堡,1,1,59,204.0,7.1,10.2,20.8,2.4,426.0,1,tier
53,1284747,好多菜三明治(植覺生活),3,三明治漢堡,1,0,59,161.0,4.5,7.7,18.6,4.1,203.0,1,tier
54,1319746,藍莓優格三明治,3,三明治漢堡,1,1,49,151.0,4.5,4.4,23.4,7.0,203.0,1,tier
55,1397659,香蕉可可三明治,3,三明治漢堡,1,0,59,193.0,4.2,7.7,26.8,7.0,201.0,1,tier
56,1444090,肉鬆火腿三明治,3,三明治漢堡,1,1,49,218.0,6.4,10.7,24.2,5.4,389.0,1,tier
57,1444109,醬燒烤雞三明治,3,三明治漢堡,1,1,59,199.0,10.4,8.0,21.2,1.8,553.0,1,tier
58,1444222,好多蛋三明治,3,三明治漢堡,1,1,69,294.0,10.9,15.4,27.9,3.6,592.0,1,tier
59,1444240,經典總匯三明治,3,三明治漢堡,1,0,59,209.0,8.6,9.3,22.7,3.1,499.0,1,tier
60,1444254,鮪魚起司溏心蛋三明治,3,三明治漢堡,1,1,59,240.0,9.9,12.3,22.4,4.6,450.0,1,tier
61,1452481,榛果摩卡脆脆三明治,3,三明治漢堡,1,0,45,170.0,4.1,6.8,23.2,7.1,199.0,1,curated
62,1454647,茄汁厚起司三明治,3,三明治漢堡,1,1,59,257.0,10.8,11.2,28.4,4.9,446.0,1,tier
63,0894707,三明治造型魚板,12,現煮鍋物,1,1,20,89.0,3.7,5.1,7.1,2.6,239.0,1,curated
64,0472163,日清草莓三明治餅乾,18,點心零食,1,0,256,680.0,9.6,33.6,85.6,30.4,696.0,8,curated
65,1123478,OREO三明治餅乾牛奶巧克力,18,點心零食,1,1,160,475.0,5.0,25.0,58.0,46.0,185.0,5,curated
66,3910320,日清奶油三明治,18,點心零食,1,0,256,599.2,8.0,28.0,80.0,24.0,640.0,8,curated
67,3910443,日清巧克力三明治餅乾,18,點心零食,1,1,256,656.0,10.4,34.4,78.4,24.8,584.0,8,curated
68,0754929,三明治火腿-添加DHA藻油,19,加工食品,1,1,180,260.0,18.4,11.6,20.4,3.2,1192.0,4,curated
69,1331415,日式漢堡排,5,小菜、滷味、湯品,1,1,45,248.0,13.8,18.1,7.5,5.3,376.0,1,curated
70,1338221,呦皮漢堡QQ糖,18,點心零食,1,0,50,94.0,1.4,0.0,22.2,14.6,10.6,2,curated
71,1429955,蔬菜烘蛋起司貝果堡,3,三明治漢堡,1,1,69,363.0,15.3,13.8,44.4,6.0,694.5,1,tier
72,1395261,蜂蜜海鹽乳酪抹茶貝果,7,麵包,1,1,59,232.0,8.2,5.0,38.7,6.7,338.0,1,tier
73,1406549,藍莓乳酪貝果,7,麵包,1,1,59,234.0,8.6,3.9,40.9,9.0,306.0,1,tier
74,1406553,莫札瑞拉起司火腿貝果,7,麵包,1,1,59,252.0,17.9,5.4,32.9,5.5,399.0,1,tier
75,1277998,貝果脆片-奶油蒜香風味,18,點心零食,1,0,32,103.4,3.9,3.0,16.7,0.2,117.0,1,curated
76,1278003,貝果脆片-義式披薩風味,18,點心零食,1,0,32,99.0,3.8,2.2,17.3,1.3,174.0,1,curated
77,1438992,貝果脆片—法式黑松露風味,18,點心零食,1,0,32,162.9,5.0,6.9,22.1,0.7,161.0,1,curated
78,0208023,黃金奶油鹽可頌,7,麵包,1,0,49,267.0,7.3,11.5,33.6,4.2,504.0,1,tier
79,1316493,巧克力麻糬QQ可頌,7,麵包,1,0,59,360.0,6.2,18.5,42.2,19.9,338.0,1,tier
80,1387739,香醇蜂蜜小可頌,7,麵包,1,0,59,217.0,3.9,12.3,22.6,6.7,199.0,1,tier
81,1448567,焙煎小麥鹽可頌,7,麵包,1,0,49,238.0,7.4,7.6,34.9,2.9,450.0,1,tier
82,1820062,丹麥菠蘿可頌,7,麵包,1,0,49,390.0,7.9,19.4,46.0,25.6,196.0,1,tier
83,1442298,黑胡椒豬肉鐵板炒麵麵包,3,三明治漢堡,1,1,79,318.0,12.4,9.6,45.3,7.6,718.0,1,tier
84,0076456,鹽麴蔥花麵包,7,麵包,1,0,49,320.0,9.1,12.2,43.4,8.8,435.0,1,tier
85,0226857,菠蘿麵包,7,麵包,1,1,49,395.0,10.5,14.2,56.2,15.4,217.0,1,tier
86,0590890,椰香葡萄麵包,7,麵包,1,0,49,370.0,9.5,14.6,50.1,18.7,304.0,1,tier
87,0632498,榛果濃可可滿餡,7,麵包,1,0,59,379.0,9.1,19.1,42.8,16.3,223.0,1,tier
88,0892414,帕瑪森熱狗麵包,7,麵包,1,0,30,180.0,6.4,4.6,28.3,5.3,180.0,1,curated
89,0947867,墨西哥葡萄奶酥麵包,7,麵包,1,0,49,467.0,9.7,22.2,57.2,26.6,466.0,1,tier
90,1133889,芋泥金沙麻吉麵包,7,麵包,1,0,59,269.0,7.1,4.8,49.5,11.6,222.0,1,tier
91,1354780,果漾草莓麵包,7,麵包,1,0,49,258.0,6.7,4.5,47.7,16.5,258.0,1,tier
92,1356164,香蒜起司麵包,7,麵包,1,1,49,286.0,10.4,10.4,37.7,4.0,509.0,1,tier
93,1406567,牛角麵包,7,麵包,1,1,59,344.0,7.5,17.6,39.0,7.7,341.0,1,tier
94,1415659,菠蘿奶酥麵包,7,麵包,1,0,49,391.0,8.6,17.5,49.7,21.7,310.0,1,tier
95,1417188,黑咖哩牛肉麵包,7,麵包,1,1,59,286.0,5.7,20.7,19.1,4.4,378.0,1,tier
96,1448503,紅豆燕麥麵包,7,麵包,1,1,59,250.0,8.0,5.6,41.9,9.5,183.0,1,tier
97,1448553,一配小菠蘿麵包,7,麵包,1,1,49,374.0,11.0,14.8,49.4,8.0,266.0,2,tier
98,1830055,起司火腿麵包,7,麵包,1,1,49,234.0,7.4,6.3,36.8,7.3,320.0,1,tier
99,1870021,紅豆麵包,7,麵包,1,1,49,261.0,8.4,2.7,50.8,16.7,200.0,1,tier
100,1870071,海苔肉鬆沙拉麵包,7,麵包,1,1,49,449.0,12.2,24.2,45.7,14.0,454.0,1,tier
101,1870130,熱狗麵包,7,麵包,1,0,30,172.0,5.8,4.2,27.8,6.1,175.0,1,curated
102,1870162,克林姆麵包,7,麵包,1,0,49,249.0,6.8,5.7,42.6,6.4,224.0,1,tier
103,1870194,奶酥麵包,7,麵包,1,1,49,444.0,10.9,21.3,52.2,19.8,252.0,1,tier
104,1871009,果粒草莓滿餡麵包,7,麵包,1,0,59,289.0,6.3,9.3,44.9,12.6,204.0,1,tier
105,1871063,深焙花生滿餡麵包,7,麵包,1,1,59,432.0,10.3,25.2,40.9,14.4,311.0,1,tier
106,1871445,起酥肉鬆麵包,7,麵包,1,1,49,370.0,9.8,15.3,48.3,9.8,348.0,1,tier
107,1970174,手工拔絲麵包,7,麵包,1,1,59,480.0,15.5,14.8,71.0,14.4,582.0,1,tier
108,1254182,韓國麵包三兄弟,11,燒烤食品,1,1,49,1174.8,15.2,54.8,155.2,48.0,280.0,4,tier
109,1374966,蒜香乳酪麵包,11,燒烤食品,1,1,270,2056.2,37.2,131.4,181.2,36.6,1908.0,6,curated
110,1405311,麵包小偷造型葡萄軟糖,18,點心零食,1,0,25,231.0,4.5,0.0,53.3,38.7,14.0,1,curated
111,3730196,麵包超人葡萄QQ糖,18,點心零食,1,0,50,62.4,1.6,0.0,14.0,13.8,0.0,2,curated
112,3731310,麵包超人水果棒棒糖,18,點心零食,1,0,625,790.0,0.0,0.0,197.5,197.5,0.0,25,curated
113,0746401,青檸烤雞握沙拉(健康志向),4,生鮮蔬果沙拉,0,1,65,221.0,10.7,8.2,26.3,9.4,590.0,1,curated
114,0824526,凱薩沙拉(植覺生活),4,生鮮蔬果沙拉,0,0,65,43.2,1.4,0.8,7.6,3.0,40.0,1,curated
115,0824530,元氣滿滿野蔬沙拉(植覺生活),4,生鮮蔬果沙拉,0,0,65,60.4,1.6,0.4,12.6,8.1,19.8,1,curated
116,1057093,蔥鹽雞肉麵沙拉(健康志向),4,生鮮蔬果沙拉,1,1,99,186.0,15.2,5.6,18.6,6.5,642.0,1,tier
117,1057152,莎莎烤雞麵沙拉(健康志向),4,生鮮蔬果沙拉,1,1,99,236.0,12.6,5.5,33.9,8.7,892.0,1,tier
118,1408664,溏心蛋洋芋沙拉,4,生鮮蔬果沙拉,0,1,65,143.0,4.9,6.4,16.4,3.9,309.0,1,curated
119,1417924,冰烤地瓜沙拉,4,生鮮蔬果沙拉,0,0,65,66.1,1.2,0.1,15.1,8.6,35.5,1,curated
120,1436118,歐式田園沙拉,4,生鮮蔬果沙拉,0,0,65,21.4,0.5,0.2,4.4,3.3,14.3,1,curated
121,1436304,海藻野菜沙拉,4,生鮮蔬果沙拉,0,0,65,20.4,1.0,0.0,4.1,1.6,122.0,1,curated
122,0156755,輕沙拉,19,加工食品,0,0,295,365.0,2.0,30.0,21.5,15.0,520.0,5,curated
123,0479365,全素沙拉,19,加工食品,0,0,295,595.0,0.5,58.5,17.0,14.0,310.0,5,curated
124,1620034,桂冠沙拉,19,加工食品,0,0,295,645.0,1.0,65.0,13.0,13.0,455.0,5,curated
125,1119863,嫩烤香料雞胸排蔬滿盒(健康志向),2,主餐麵食,1,1,85,266.0,28.0,9.0,18.3,1.7,796.0,1,curated
126,0357416,秘香椒麻嫩雞胸,5,小菜、滷味、湯品,0,1,45,148.8,29.0,1.9,3.8,3.7,571.0,1,curated
127,0634309,古早味香滷嫩雞胸,5,小菜、滷味、湯品,0,1,45,135.9,28.1,0.7,4.3,3.4,448.4,1,curated
128,1032099,法式香草嫩雞胸,5,小菜、滷味、湯品,0,1,45,106.0,20.8,1.5,2.3,0.0,571.0,1,curated
129,1197285,招牌韓式嫩雞胸,5,小菜、滷味、湯品,0,1,45,145.6,28.7,1.2,5.0,2.3,646.3,1,curated
130,1400711,山賊燒風味烤雞胸棒,5,小菜、滷味、湯品,0,1,45,98.3,12.5,4.3,2.4,1.7,241.4,1,curated
131,1630354,香蔥經典嫩雞胸,5,小菜、滷味、湯品,0,1,45,154.0,22.4,5.3,4.14,1.4,563.0,1,curated
132,1631100,義式經典嫩雞胸,5,小菜、滷味、湯品,0,1,45,119.8,21.7,3.0,1.5,1.3,481.0,1,curated
133,1057475,轟炸椒麻辣雞胸,11,燒烤食品,0,1,45,201.0,14.2,11.3,10.5,1.0,581.0,1,curated
134,1448585,真食雞胸-經典原味,19,加工食品,0,1,59,272.0,36.3,12.4,3.8,2.9,207.5,1,curated
135,1160050,美式雞腿堡,3,三明治漢堡,1,1,79,379.0,17.8,18.7,34.6,5.4,730.0,1,tier
136,0427209,匈牙利風味香草烤雞腿,5,小菜、滷味、湯品,0,1,45,150.0,24.2,5.7,0.5,0.0,605.0,1,curated
137,1321177,蛤蜊燉雞腿湯,5,小菜、滷味、湯品,0,1,45,135.0,21.1,4.8,2.0,0.7,687.0,1,curated
138,0916165,轟炸火辣雞腿排,11,燒烤食品,0,1,45,281.0,22.6,16.2,11.2,1.5,648.0,1,curated
139,1001874,燻香雞腿排,11,燒烤食品,0,1,45,293.0,30.2,18.2,2.1,2.1,690.0,1,curated
140,1002107,韓式火焰辣烤雞腿,11,燒烤食品,0,1,45,276.3,33.3,13.1,6.3,2.0,1020.0,1,curated
141,1107882,蒜米狠雞腿,11,燒烤食品,0,1,45,183.0,22.1,9.4,2.5,0.8,468.0,1,curated
142,1277534,原味雞腿排,11,燒烤食品,0,1,450,3293.0,188.0,201.0,183.0,11.0,3900.0,10,curated
143,0761469,美式BBQ烤雞腿,15,冷凍食品,1,1,65,206.2,23.4,11.0,3.4,3.4,749.0,1,curated
144,2491028,霸王黃金香雞腿,15,冷凍食品,1,1,65,189.0,14.7,10.6,8.7,0.0,598.0,1,curated
145,2491032,霸王黃金酷辣雞腿排,15,冷凍食品,1,1,65,334.0,20.8,22.3,12.6,0.0,693.0,1,curated
146,2492024,香烤雞腿條,15,冷凍食品,1,1,65,95.0,14.5,2.2,4.3,1.3,375.0,1,curated
147,2492060,照燒雞腿肉串,15,冷凍食品,1,1,65,78.3,10.0,3.0,2.8,2.3,353.0,1,curated
148,0441811,韓式辣炒豬肉飯卷,1,壽司手卷飯糰,1,1,69,191.0,6.3,3.1,34.3,2.2,522.0,1,tier
149,0842823,沙茶豬肉炒麵,2,主餐麵食,1,1,99,556.0,22.0,19.3,73.2,6.8,1570.0,1,tier
150,0925720,里肌豬排可可咖哩歐姆蛋飯,2,主餐麵食,1,1,109,735.0,24.2,25.1,103.3,2.4,1199.0,1,tier
151,1134003,水水灶咖-泰式辣炒豬肉飯,2,主餐麵食,1,1,69,344.0,10.0,9.6,54.2,3.1,477.0,1,tier
152,1070213,豬肉起司堡,3,三明治漢堡,1,1,49,208.0,11.1,7.4,24.1,2.0,672.0,1,tier
153,1070336,豬肉起司蛋堡,3,三明治漢堡,1,1,59,237.0,14.9,8.1,26.3,1.5,793.0,1,tier
154,1215326,厚豆腐蛋白蕈菇豬肉堡(健康志向),3,三明治漢堡,1,1,69,230.0,14.9,6.5,28.0,1.8,754.0,1,tier
155,0346009,糖燻豬耳絲,5,小菜、滷味、湯品,0,1,45,170.0,16.1,11.2,1.3,0.9,473.0,1,curated
156,1550378,及第豬肉熟水餃,5,小菜、滷味、湯品,0,1,45,456.0,15.0,26.3,39.7,4.1,1471.0,1,curated
157,0175058,玉米豬肉手工水餃,15,冷凍食品,1,1,65,295.0,13.5,10.9,35.7,5.3,548.0,1,curated
158,0911824,高麗菜豬肉熟水餃,15,冷凍食品,1,1,195,384.0,15.3,17.4,41.1,3.3,684.0,3,curated
159,4020588,快車肉乾招牌蜜汁豬肉乾,18,點心零食,0,1,32,156.0,17.0,2.6,16.0,14.7,454.0,1,curated
160,1188270,醬香豬耳絲,19,加工食品,0,1,45,393.0,37.2,25.8,3.0,1.9,1092.0,1,curated
161,4332240,滿漢大餐蔥燒豬肉麵,19,加工食品,1,1,45,583.0,16.2,29.3,63.3,1.5,1779.0,1,curated
162,4530426,精緻豬肉鬆,19,加工食品,0,1,405,846.0,60.3,31.5,81.0,53.1,1755.0,9,curated
163,1441529,鐵板牛套餐包手卷,1,壽司手卷飯糰,1,1,79,321.0,8.2,8.2,53.3,2.5,558.0,1,tier
164,0590131,紅燒雙寶牛肉麵,2,主餐麵食,1,1,85,577.0,32.8,15.9,75.5,3.5,1680.0,1,curated
165,0978278,糖燻野郎三十天熟成牛飯,2,主餐麵食,1,1,109,669.0,17.9,23.0,97.7,16.6,1166.0,1,tier
166,0672987,經典雙牛起司堡,3,三明治漢堡,1,1,69,328.0,19.0,13.5,32.4,5.0,658.0,1,tier
168,1358207,香滷牛肚絲,5,小菜、滷味、湯品,0,1,45,122.0,19.8,1.7,6.8,6.8,1156.0,1,curated
169,1076332,蜂蜜牛奶球,6,蛋糕甜品,0,1,35,242.0,6.5,5.7,41.1,8.7,86.0,1,curated
170,1301496,CONFEX蛋糕-牛奶味,6,蛋糕甜品,0,1,35,307.0,6.4,8.1,52.0,23.4,62.0,1,curated
171,1293293,雞蛋牛奶手排包,7,麵包,1,1,49,473.0,11.7,19.2,63.3,19.1,568.0,1,tier
172,1870203,香濃牛奶好棒棒,7,麵包,1,1,49,474.0,10.8,20.5,61.6,13.0,323.0,1,tier
173,0469172,經典黑炫牛奶酷繽沙,8,現做飲料,0,1,50,472.0,7.1,26.0,52.4,38.8,174.0,1,curated
174,1050441,大冰椰棗蜜牛奶,8,現做飲料,0,1,50,214.0,0.0,0.0,0.0,30.0,0.0,1,curated
175,1070322,經典黑炫牛奶酷繽沙,8,現做飲料,0,1,50,347.0,0.0,0.0,0.0,37.0,0.0,1,curated
176,1090344,光泉麥芽牛乳酷繽沙,8,現做飲料,0,1,50,212.4,2.5,6.8,35.3,29.8,120.0,1,curated
177,1090526,光泉麥芽牛乳咖啡冰沙,8,現做飲料,0,1,50,212.4,2.5,6.8,35.3,29.8,120.0,1,curated
178,1122686,芒好喝牛奶酷繽沙,8,現做飲料,0,1,50,261.0,0.0,0.0,0.0,51.0,0.0,1,curated
179,1135154,特大冰紅心芭樂牛奶,8,現做飲料,0,1,50,432.0,0.0,0.0,0.0,69.0,0.0,1,curated
180,1169468,芋賣尬牛奶酷繽沙,8,現做飲料,0,1,50,320.0,0.0,0.0,0.0,41.0,0.0,1,curated
181,1189799,香蕉牛奶酷繽沙,8,現做飲料,0,1,50,384.0,0.0,0.0,0.0,55.0,0.0,1,curated
182,1189826,MM巧克力牛奶酷繽沙,8,現做飲料,0,1,50,399.0,0.0,0.0,0.0,61.0,0.0,1,curated
183,1208486,特大冰香蕉火龍果牛奶,8,現做飲料,0,1,50,385.0,0.0,0.0,0.0,65.0,0.0,1,curated
184,0213848,Niseko牛奶巧酥雪糕,14,冰品,0,1,30,200.6,2.8,11.6,21.3,13.2,102.0,1,curated
185,0260540,紅茶牛奶焦糖奶蓋雪糕,14,冰品,0,1,30,175.4,2.5,9.0,21.1,15.7,43.0,1,curated
186,0471535,牧場直送4.0牛奶雪糕,14,冰品,0,1,30,165.9,2.9,9.9,16.3,13.0,55.0,1,curated
187,0619505,牧場直送4.0巧克力牛奶雪糕,14,冰品,0,1,30,175.0,3.0,9.4,19.6,15.0,32.0,1,curated
188,1056938,義美綠豆沙牛奶冰棒,14,冰品,0,1,30,174.0,4.2,6.0,25.7,15.5,16.1,1,curated
189,1074358,Niseko牛奶巧酥冰幸福杯,14,冰品,0,1,240,328.0,5.6,14.4,44.0,27.2,128.0,8,curated
190,1191293,多重莓果牛乳雪糕,14,冰品,0,1,30,263.0,2.8,18.0,22.4,17.3,35.7,1,curated
191,1409729,桂冠芋角牛奶Ｑ雪糕,14,冰品,0,1,30,174.0,2.3,6.9,25.5,19.5,56.0,1,curated
192,1439275,牧場直送４．０花生牛奶雪糕,14,冰品,0,1,30,188.3,3.0,11.9,17.3,12.8,39.0,1,curated
193,2310014,義美紅豆粉粿牛奶冰棒,14,冰品,0,1,30,168.0,3.7,5.5,25.8,12.5,41.0,1,curated
194,2310064,紅豆牛奶冰棒,14,冰品,0,1,30,164.0,4.9,5.7,23.1,10.7,31.0,1,curated
195,2351195,森永牛奶糖雪派,14,冰品,0,1,30,209.9,3.9,7.8,31.1,18.2,55.5,1,curated
196,0722849,牛蒡海鮮丸子,15,冷凍食品,1,1,65,378.0,28.5,15.1,32.0,11.6,2016.0,1,curated
197,0157115,福樂超能蛋白牛乳奶茶風味,16,乳製品,0,1,38,200.0,20.3,1.9,25.5,25.5,315.0,1,curated
198,0434917,光泉草莓牛乳,16,乳製品,0,1,28,142.1,4.9,2.9,24.1,23.2,116.0,1,curated
199,0490579,福樂超能蛋白營養牛乳可可口味,16,乳製品,0,1,38,206.0,20.3,2.3,25.9,25.9,274.0,1,curated
200,0618490,光泉高鈣牛乳,16,乳製品,0,1,28,279.2,13.2,13.6,26.0,19.6,236.0,1,curated
201,1071364,光泉麥芽牛乳936ml,16,乳製品,0,1,75,593.4,17.7,18.6,88.8,67.5,636.0,3,curated
202,1116106,味全高鈣高蛋白雙效營養牛乳,16,乳製品,0,1,38,217.0,20.6,3.8,25.1,25.1,225.0,1,curated
203,1257126,義美優質高蛋白牛乳無加糖,16,乳製品,0,1,38,195.0,20.0,5.3,16.9,11.1,78.4,1,curated
204,1330473,福樂超能蛋白牛乳鮮莓風味,16,乳製品,0,1,38,207.0,21.4,1.1,27.8,27.8,229.5,1,curated
205,1330487,光泉優質蛋白草莓牛奶,16,乳製品,0,1,38,200.8,16.4,1.6,33.2,25.6,264.0,1,curated
206,1357556,士力架草莓可可牛奶,16,乳製品,0,1,28,229.9,7.5,7.9,32.3,30.0,116.0,1,curated
207,2810014,光泉果汁牛乳936ml,16,乳製品,0,1,75,558.3,15.9,15.9,87.9,83.4,345.0,3,curated
208,2810032,光泉巧克力牛乳936ml,16,乳製品,0,1,75,597.6,23.4,13.2,96.3,90.0,588.0,3,curated
209,2820025,統一木瓜牛乳,16,乳製品,0,1,112,253.6,7.6,7.2,39.6,39.2,232.0,4,curated
210,2820102,綠豆沙牛乳,16,乳製品,0,1,28,231.2,6.8,7.2,34.8,32.8,128.0,1,curated
211,2820198,瑞穗麥芽牛奶,16,乳製品,0,1,28,279.0,7.2,10.0,40.0,37.6,200.0,1,curated
212,2820239,光泉木瓜牛乳,16,乳製品,0,1,28,248.8,7.2,7.2,38.8,30.8,300.0,1,curated
213,2820334,光泉果汁牛乳,16,乳製品,0,1,28,178.3,4.9,5.5,27.3,25.8,107.0,1,curated
214,2820348,光泉巧克力牛乳,16,乳製品,0,1,28,185.7,7.3,4.1,29.9,27.8,183.0,1,curated
215,2820566,光泉富維他牛乳,16,乳製品,0,1,28,230.0,6.0,7.6,34.4,33.6,168.0,1,curated
216,2820570,光泉杯裝麥芽牛乳,16,乳製品,0,1,28,156.1,4.7,4.9,23.3,17.6,167.0,1,curated
217,2820607,光泉優質蛋白巧克力牛奶,16,乳製品,0,1,38,251.6,20.0,3.6,34.8,29.6,252.0,1,curated
218,2820807,光泉蘋果牛乳,16,乳製品,0,1,28,203.2,4.6,5.2,34.5,34.2,148.0,1,curated
219,2820811,光泉麥芽牛乳,16,乳製品,0,1,28,184.6,5.5,5.8,27.6,20.9,197.0,1,curated
220,2821308,瑞穗蘋果牛奶,16,乳製品,0,1,112,284.8,6.0,8.0,47.2,45.6,252.0,4,curated
221,2850094,光泉香濃牛奶優酪乳,16,乳製品,0,1,30,139.4,7.0,5.0,16.6,13.8,102.0,1,curated
222,2860219,統一多多活菌發酵乳牛奶口味,16,乳製品,0,1,28,126.0,2.4,0.8,27.0,25.7,42.0,1,curated
223,0782423,紅牛巨峰葡萄能量飲料,17,一般飲料,0,1,28,107.0,0.0,0.0,26.8,26.8,88.0,1,curated
224,0953179,紅牛無糖能量飲料355ml,17,一般飲料,0,1,28,0.0,0.0,0.0,0.0,0.0,278.0,1,curated
225,1075122,光泉全脂保久牛乳200ml,17,一般飲料,0,1,19,132.2,6.6,7.4,9.8,9.6,90.0,1,curated
226,1212528,紅牛白桃風味能量飲料,17,一般飲料,0,1,28,107.0,0.0,0.0,26.8,26.8,88.0,1,curated
227,1390552,紅牛零卡能量飲料,17,一般飲料,0,1,28,0.0,0.0,0.0,4.0,0.0,20.0,1,curated
228,1414885,上島珈琲店牛奶咖啡,17,一般飲料,0,1,28,116.5,3.3,3.5,18.0,15.0,131.8,1,curated
229,1414899,上島珈琲店黑糖牛奶咖啡,17,一般飲料,0,1,28,137.8,3.0,3.8,23.0,18.5,147.5,1,curated
230,3330217,光泉巧克力牛奶330ml,17,一般飲料,0,1,26,196.6,5.9,6.6,28.4,27.1,142.0,1,curated
231,3350043,愛之味牛奶花生禮盒,17,一般飲料,0,1,672,4992.0,156.0,307.2,400.8,309.6,1344.0,24,curated
232,3410061,紅牛能量飲料,17,一般飲料,0,1,28,107.0,0.0,0.0,26.8,26.8,204.0,1,curated
233,3410075,紅牛能量飲料355ml,17,一般飲料,0,1,28,152.0,0.0,0.0,38.0,38.0,290.0,1,curated
234,3410134,紅牛無糖能量飲料,17,一般飲料,0,1,28,0.0,0.0,0.0,0.0,0.0,195.0,1,curated
235,3410152,水蠻牛維他命B補給飲料,17,一般飲料,0,1,56,141.6,0.0,0.0,35.4,29.6,154.0,2,curated
236,3410170,保力達蠻牛維他命B飲料,17,一般飲料,0,1,28,120.0,0.0,0.0,30.0,28.0,238.0,1,curated
237,3410320,蠻牛能量飲料,17,一般飲料,0,1,28,127.0,2.0,0.0,29.8,29.0,150.0,1,curated
238,0135650,瑞士三角牛奶巧克力,18,點心零食,0,1,64,256.0,2.8,14.0,29.8,28.4,24.0,2,curated
239,0739466,好時片裝牛奶巧克力,18,點心零食,0,1,32,220.0,4.0,12.0,24.0,21.0,45.0,1,curated
240,0892082,Galbo牛奶巧酥可可球,18,點心零食,0,1,32,220.0,2.8,14.4,19.8,15.2,16.4,1,curated
241,0892191,好時巧酥牛奶巧克力球,18,點心零食,0,1,32,189.0,3.0,10.3,21.3,17.9,45.0,1,curated
242,0903051,宮城仙台和牛口味洋芋片,18,點心零食,0,1,64,328.0,4.4,20.4,31.6,2.0,330.0,2,curated
243,0914795,77乳加星球巧克力-榛果牛奶,18,點心零食,0,1,32,211.0,3.4,13.5,19.0,13.1,50.0,1,curated
244,1123414,OREO餅乾夾心牛奶巧克力,18,點心零食,0,1,160,560.0,6.0,35.0,55.5,44.0,120.0,5,curated
245,1123432,Milka草莓夾心牛奶巧克力,18,點心零食,0,1,160,565.0,4.0,35.0,58.0,56.0,90.0,5,curated
246,1196352,味覺糖草莓特濃牛奶條糖　,18,點心零食,0,1,25,159.0,1.1,3.4,30.9,23.4,46.0,1,curated
247,1196366,味覺糖特濃牛奶條糖,18,點心零食,0,1,25,155.0,1.1,2.6,31.7,23.9,48.0,1,curated
248,1204828,森永焦糖烤布蕾番薯風味牛奶糖,18,點心零食,0,1,100,204.0,1.2,3.6,42.0,27.2,16.0,4,curated
249,1226638,Meltykiss牛奶可可粒,18,點心零食,0,1,32,309.0,3.7,21.2,25.7,20.1,22.0,1,curated
250,1241755,森永DOT榛果可可風味牛奶糖,18,點心零食,0,1,225,207.0,0.9,5.4,37.8,24.3,18.0,9,curated
251,1260121,戀人什錦莓果風味牛奶可可,18,點心零食,0,1,128,137.2,1.2,6.0,19.6,17.6,24.4,4,curated
252,1273744,迷你牛奶餅,18,點心零食,0,1,32,229.0,3.4,10.8,29.6,5.7,167.0,1,curated
253,1274190,威化夾心牛奶巧克力,18,點心零食,0,1,32,251.5,3.5,13.6,28.7,24.9,37.6,1,curated
254,1274518,阿爾卑牛奶巧克力,18,點心零食,0,1,288,459.0,5.4,24.3,54.9,54.0,93.6,9,curated
255,1274659,Konak橙皮牛奶巧克力,18,點心零食,0,1,544,363.8,5.1,20.4,42.5,39.1,102.0,17,curated
256,1290095,MM牛奶糖衣巧克力樂享包,18,點心零食,0,1,325,910.0,9.1,33.8,140.4,122.2,143.0,13,curated
257,1292542,愛心造型牛奶口味含餡巧克力禮盒,18,點心零食,0,1,128,580.0,5.2,38.4,53.2,50.4,54.8,4,curated
258,1298998,健達袋裝含餡造型牛奶巧克力,18,點心零食,0,1,640,690.0,10.0,42.0,68.0,64.0,146.0,20,curated
259,1331906,巧菲斯牛奶夾心酥9入分享盒,18,點心零食,0,1,288,1242.0,16.2,79.2,117.0,63.9,396.0,9,curated
260,1385646,好時偶像星願牛奶巧克力2入組,18,點心零食,0,1,64,434.0,6.8,24.2,47.2,42.6,86.0,2,curated
261,1385719,Alfie草莓牛奶風味可可,18,點心零食,0,1,32,171.5,1.6,10.0,18.8,14.6,32.2,1,curated
262,1387175,草莓優格風味牛奶軟糖,18,點心零食,0,1,25,133.0,1.9,0.0,30.9,21.5,4.0,1,curated
263,1436481,可樂果醬烤牛五花口味160G,18,點心零食,0,1,256,840.0,22.4,43.2,91.2,3.2,888.0,8,curated
264,3610976,MM片裝牛奶巧克力,18,點心零食,0,1,32,247.0,2.8,13.8,28.1,26.2,37.0,1,curated
265,3611031,德芙絲滑牛奶巧克力,18,點心零食,0,1,32,238.0,3.0,14.0,25.0,24.0,29.0,1,curated
266,3611081,明治條裝牛奶巧克力,18,點心零食,0,1,32,230.0,3.1,14.1,22.7,19.9,18.5,1,curated
267,3620046,MM牛奶巧克力,18,點心零食,0,1,32,177.0,1.9,7.2,26.2,24.0,24.0,1,curated
268,3620082,麥提莎牛奶巧克力,18,點心零食,0,1,32,199.0,2.5,9.1,26.8,22.1,44.0,1,curated
269,3620787,M&M's脆心牛奶巧克力,18,點心零食,0,1,32,141.0,1.6,5.1,22.1,17.5,38.0,1,curated
270,3640040,健達牛奶巧克力,18,點心零食,0,1,128,284.0,4.4,17.6,27.2,26.8,60.0,4,curated
271,3651457,明治片裝牛奶巧克力,18,點心零食,0,1,32,280.0,3.8,17.2,27.7,24.3,22.6,1,curated
272,3712744,保力達牛奶錠,18,點心零食,0,1,32,0.0,0.0,0.0,0.0,0.0,0.0,1,curated
273,3722741,新牛奶糖隨手包,18,點心零食,0,1,50,222.0,1.6,7.4,37.0,27.6,42.0,2,curated
274,3730037,森永大牛奶糖,18,點心零食,0,1,125,220.0,1.5,4.0,44.0,28.5,20.0,5,curated
275,3811291,卡迪那牛排卡大包,18,點心零食,0,1,64,388.0,5.4,24.4,36.8,2.4,282.0,2,curated
276,3811487,樂事神戶厚切牛排洋芋片,18,點心零食,0,1,64,348.0,4.2,20.8,35.8,2.4,384.0,2,curated
277,3950378,格力高百奇牛奶餅乾巧克力棒,18,點心零食,0,1,32,194.7,2.9,9.1,26.8,15.1,57.6,1,curated
278,3970059,小泡芙-牛奶,18,點心零食,0,1,32,337.0,5.4,22.8,27.5,12.2,83.0,1,curated
279,3970718,義美香濃牛奶小泡芙隨手包,18,點心零食,0,1,32,230.0,3.7,15.6,18.8,8.3,57.0,1,curated
280,4020029,高粱酒牛肉乾-原味,18,點心零食,0,1,96,195.0,20.1,4.5,18.9,11.1,636.0,3,curated
281,4020538,良金牧場原味高粱牛肉乾,18,點心零食,0,1,192,192.0,21.0,4.2,1.8,12.6,498.0,6,curated
282,0028467,FMC紅燒牛腩,19,加工食品,0,1,45,119.0,15.7,2.9,7.4,3.4,1033.0,1,curated
283,0293399,爆香牛肉湯麵,19,加工食品,1,1,45,498.0,9.4,23.8,61.5,2.0,2601.0,1,curated
284,0427190,紅燒牛肉湯麵,19,加工食品,1,1,45,436.0,9.1,18.2,58.9,2.7,2458.0,1,curated
285,0635646,麻辣牛肉麵,19,加工食品,1,1,79,577.0,18.5,28.3,62.1,5.0,2975.0,1,curated
286,0704297,天香川味牛肉麵,19,加工食品,1,1,79,521.0,18.0,24.3,57.6,2.8,2651.0,1,curated
287,0818600,牛奶饅頭,19,加工食品,0,1,270,1149.6,33.0,10.8,231.0,36.6,450.0,6,curated
288,1056588,青花驕麻辣鍋牛肉麵,19,加工食品,1,1,79,608.0,20.0,32.1,59.9,2.7,2404.0,1,curated
289,1098738,紅燒牛肉風味麵,19,加工食品,1,1,45,389.6,8.2,22.2,39.5,1.6,1602.0,1,curated
290,1233237,紅燒牛肉蒟蒻麵,19,加工食品,1,1,45,183.0,5.1,8.7,21.0,4.5,1383.0,1,curated
291,1237940,營多拌湯麵青檸牛肉風味,19,加工食品,1,1,45,324.4,5.6,15.2,42.1,3.4,1318.0,1,curated
292,4310044,阿Q紅椒牛肉桶麵,19,加工食品,1,1,45,479.0,10.2,23.3,57.0,1.9,2390.0,1,curated
293,4320019,來一客牛肉蔬菜杯麵,19,加工食品,1,1,45,304.0,7.1,14.0,37.4,1.6,1798.0,1,curated
294,4330020,滿漢大餐蔥燒牛肉麵,19,加工食品,1,1,79,576.0,15.9,29.2,62.4,1.5,2189.0,1,curated
295,4330052,原汁珍味牛肉麵,19,加工食品,1,1,79,535.0,22.8,22.8,59.6,1.1,2244.0,1,curated
296,4330066,一度贊紅燒牛肉麵,19,加工食品,1,1,79,570.2,21.4,27.0,60.4,2.0,2246.0,1,curated
297,4330107,滿漢大餐麻辣鍋牛肉麵,19,加工食品,1,1,79,667.0,18.0,31.8,77.3,2.2,2244.0,1,curated
298,4330189,台酒花雕酸菜牛肉麵,19,加工食品,1,1,79,614.4,20.2,31.2,63.2,3.2,2414.0,1,curated
299,4330470,一度贊蕃茄牛肉麵,19,加工食品,1,1,79,506.7,17.2,21.1,62.0,8.5,2333.0,1,curated
300,4330507,洪師父至尊三寶牛肉碗麵,19,加工食品,1,1,45,510.0,19.8,22.1,58.0,3.6,1975.0,1,curated
301,4331258,滿漢大餐珍味牛肉麵,19,加工食品,1,1,79,597.0,15.5,31.6,62.6,2.4,2338.0,1,curated
302,4332727,皇朝牛筋麵,19,加工食品,1,1,45,511.0,20.9,19.8,62.2,1.8,2668.0,1,curated
303,4332836,極品紅燒牛肉麵,19,加工食品,1,1,79,607.0,21.5,30.6,61.4,3.6,2168.0,1,curated
304,4340045,辣味蔥燒牛肉麵(碗),19,加工食品,1,1,79,414.0,9.9,19.2,50.6,2.3,1971.0,1,curated
305,4350133,蔥燒牛肉麵(包),19,加工食品,1,1,79,423.0,10.1,19.4,51.8,2.3,1962.0,1,curated
306,4435737,FMC日式咖哩牛肉,19,加工食品,0,1,45,186.0,16.9,6.1,15.8,2.3,592.0,1,curated
307,1429446,山葵生鮪魚泥脆卷,1,壽司手卷飯糰,1,1,59,133.0,4.3,1.2,26.1,5.4,387.0,1,tier
308,1452172,鮪魚昆布細卷,1,壽司手卷飯糰,1,1,49,160.0,3.5,2.8,30.3,4.9,383.0,1,tier
309,1400543,香煎魚排佐檸檬奶油義大利麵,2,主餐麵食,1,1,109,459.0,31.5,12.4,55.6,4.0,1162.0,1,tier
310,1429987,鰹魚烏龍冷麵,2,主餐麵食,1,1,85,295.0,6.8,3.9,58.3,7.8,803.0,1,curated
311,1408741,黃金魚堡,3,三明治漢堡,1,1,69,309.0,12.0,15.2,31.1,4.5,596.0,1,tier
312,1444622,鹽烤花魚,5,小菜、滷味、湯品,0,1,45,83.0,12.5,3.6,0.0,0.0,530.0,1,curated
313,0837753,韓國魚肉起司熱狗,11,燒烤食品,0,1,450,2450.0,66.0,100.0,321.0,76.0,3190.0,10,curated
314,1077629,歐巴魚你串,11,燒烤食品,0,1,45,139.4,8.6,6.6,11.4,3.3,567.0,1,curated
315,1193354,塔塔醬鱈魚排,11,燒烤食品,0,1,540,2157.6,80.4,103.2,226.8,28.8,2547.6,12,curated
316,0535884,墨魚花枝丸,12,現煮鍋物,0,1,120,732.0,26.4,46.8,52.2,12.0,2478.0,6,curated
317,0646794,海鮮魚板,12,現煮鍋物,0,1,20,83.0,3.7,5.3,5.2,1.1,91.0,1,curated
318,0646821,韓式魚板棒,12,現煮鍋物,0,1,20,55.8,2.7,3.5,3.4,1.3,136.5,1,curated
319,0646853,海鮮魚卵棒,12,現煮鍋物,0,1,20,59.2,4.7,1.2,7.5,1.6,306.5,1,curated
320,0893006,迷你雪蟹味魚板,12,現煮鍋物,0,1,20,77.0,5.4,3.0,7.2,1.9,188.0,1,curated
321,0894684,胡椒蘑菇味魚板,12,現煮鍋物,0,1,20,95.0,4.0,6.2,5.7,1.5,133.0,1,curated
322,1078548,魷魚風味小魚造型魚板,12,現煮鍋物,0,1,20,93.0,5.3,5.4,5.9,0.6,245.0,1,curated
323,1078748,墨魚風味捲,12,現煮鍋物,0,1,20,62.5,5.1,1.0,8.3,2.3,313.5,1,curated
324,1078766,海苔魚板棒,12,現煮鍋物,0,1,20,103.5,5.1,7.6,3.8,2.7,307.0,1,curated
325,1257499,包餡雞肉魚丸,12,現煮鍋物,0,1,240,1018.8,76.8,45.6,75.6,22.8,6348.0,12,curated
326,1258477,煙燻風味魚香腸,12,現煮鍋物,0,1,20,63.2,4.1,3.6,3.6,0.9,180.7,1,curated
327,1258504,甜玉米起司魚板,12,現煮鍋物,0,1,20,35.4,1.5,2.2,2.4,1.1,119.0,1,curated
328,1258786,香烤魷魚魚餅,12,現煮鍋物,0,1,20,109.0,5.1,8.2,3.8,1.8,333.0,1,curated
329,0309718,魚子球,15,冷凍食品,1,1,260,172.0,11.6,5.6,18.4,8.0,720.0,4,curated
330,1220991,与玥樓-鰹魚辣醬粉絲煲,15,冷凍食品,1,1,65,244.0,4.7,8.8,36.6,4.5,773.0,1,curated
331,0124007,北海道鱈魚起士條,18,點心零食,0,1,32,181.0,10.6,10.8,10.2,10.2,414.0,1,curated
332,1298825,日本全家微辣烤魚香條,18,點心零食,0,1,32,91.9,5.7,1.1,14.8,2.8,520.0,1,curated
333,1299130,好多魚餅乾(海苔口味),18,點心零食,0,1,32,135.0,2.2,4.1,22.4,3.0,269.0,1,curated
334,1299144,深海小魚(香辣味),18,點心零食,0,1,32,47.0,3.1,3.7,0.2,0.0,192.0,1,curated
335,1299158,深海小魚(麻辣味),18,點心零食,0,1,32,48.0,3.1,3.9,0.2,0.0,197.0,1,curated
336,3831477,孔雀香酥脆香魚,18,點心零食,0,1,64,284.0,4.4,11.2,41.6,11.8,308.0,2,curated
337,4010018,鱈魚香絲,18,點心零食,0,1,64,168.8,12.2,0.8,28.2,10.6,914.2,2,curated
338,4010204,起司辣味魚肉棒,18,點心零食,0,1,160,92.5,8.5,2.5,9.0,2.0,570.0,5,curated
339,4010272,起司魚肉棒,18,點心零食,0,1,160,90.0,8.5,2.0,9.5,2.0,635.0,5,curated
340,4010313,麻辣鱈魚香絲,18,點心零食,0,1,64,166.6,13.6,0.8,26.4,8.8,856.0,2,curated
341,4010486,寬條北海鱈魚香絲,18,點心零食,0,1,64,173.2,14.2,0.8,27.4,9.2,890.0,2,curated
342,4030076,杏仁小魚,18,點心零食,0,1,64,280.0,16.4,20.6,9.0,5.2,220.0,2,curated
343,4030662,萬歲牌海苔杏仁小魚隨手包,18,點心零食,0,1,32,134.0,7.5,9.9,4.7,2.7,108.0,1,curated
344,4040037,盛香珍小魚干花生,18,點心零食,0,1,96,348.0,18.9,25.5,10.5,4.2,576.0,3,curated
345,1119845,好媽媽鮮拚鮮番茄汁鯖魚,19,加工食品,0,1,90,236.0,32.0,4.8,16.2,13.8,1582.0,2,curated
346,1119986,好媽媽紅燒一口鰻魚,19,加工食品,0,1,90,284.0,15.8,17.8,15.0,13.8,924.0,2,curated
347,4520015,鮪魚片,19,加工食品,0,1,90,266.2,30.2,15.8,0.8,0.0,890.0,2,curated
348,4520051,同榮鯖魚(紅),19,加工食品,0,1,180,288.4,38.0,11.6,7.2,7.2,780.0,4,curated
349,4520079,同榮鯖魚(黃),19,加工食品,0,1,180,288.4,38.0,11.6,7.2,7.2,780.0,4,curated
350,1241787,大研EPA1200頂級魚油,20,營養食品,0,1,120,47.7,1.2,4.5,0.6,0.0,15.0,3,curated
351,0571565,經典肉醬義大利麵,2,主餐麵食,1,1,99,264.0,11.7,7.1,38.5,5.8,394.0,1,tier
352,0595531,烤雞燻腸白醬義大利麵,2,主餐麵食,1,1,85,456.0,18.6,18.0,55.8,6.5,1076.0,1,curated
353,0842900,青醬蛤蜊義大利麵,2,主餐麵食,1,1,99,267.0,11.0,9.7,34.2,1.7,441.0,1,tier
354,0842928,經典肉醬義大利麵,2,主餐麵食,1,1,99,229.0,8.6,3.6,40.3,6.9,536.0,1,tier
355,0983025,奶油蘑菇培根義大利麵,2,主餐麵食,1,0,99,251.0,9.6,10.3,29.9,3.6,487.0,1,tier
356,1037508,義式蕃茄起司義大利麵,2,主餐麵食,1,1,99,538.0,29.7,15.6,69.4,6.3,1106.0,1,tier
357,1054095,奶油培根義大利麵,2,主餐麵食,1,1,99,488.0,21.3,22.9,48.8,6.5,956.0,1,tier
358,1059190,清炒蛤蜊義大利麵,2,主餐麵食,1,1,99,234.0,11.9,4.9,35.6,1.3,682.0,1,tier
359,1059295,辣蕃茄義大利麵,2,主餐麵食,1,1,85,254.0,10.0,5.0,42.0,9.8,607.0,1,curated
360,1059318,韓式起司義大利麵,2,主餐麵食,1,1,99,311.0,14.1,10.9,39.3,3.2,779.0,1,tier
361,1240640,青醬蛤蜊義大利麵,2,主餐麵食,1,1,99,523.0,24.3,18.8,63.8,3.3,1152.0,1,tier
362,1400498,蒜香奶油蝦蝦義大利麵,2,主餐麵食,1,1,109,501.0,20.7,18.5,62.9,2.2,1099.0,1,tier
363,1400507,白酒清炒鮮蛤義大利麵,2,主餐麵食,1,1,109,406.0,21.0,9.3,59.6,0.0,1066.0,1,tier
364,1400539,義式辣味嫩烤雞排義大利麵,2,主餐麵食,1,1,109,510.0,28.1,14.6,66.3,7.6,1100.0,1,tier
365,1400557,黑松露野菇義大利麵,2,主餐麵食,1,1,99,392.0,14.7,12.4,55.6,4.7,1209.0,1,tier
366,1434839,整條德式香腸義大利麵,2,主餐麵食,1,1,109,615.0,28.4,19.7,81.2,6.3,1426.0,1,tier
367,0875931,蕃茄紅醬時蔬義大利麵,15,冷凍食品,1,1,65,374.0,11.6,7.1,66.0,8.2,1027.0,1,curated
368,2420328,青醬野菇義大利麵,15,冷凍食品,1,1,99,533.0,12.0,26.6,61.4,2.9,1290.0,1,tier
369,1024226,東京豚骨風味拉麵冷凍包,2,主餐麵食,1,1,85,400.0,26.0,10.0,51.5,0.0,2990.0,1,curated
370,0254656,大蒜拳骨拉麵(包),19,加工食品,1,1,79,526.0,21.3,21.1,62.6,1.8,2624.0,1,curated
371,0664241,香辣雞肉風味辛拉麵,19,加工食品,1,1,79,508.0,10.3,15.8,81.2,3.6,1738.0,1,curated
372,1076346,金拉麵原味杯麵,19,加工食品,1,0,79,271.2,7.7,7.6,43.0,2.0,1200.0,1,curated
373,1123464,農心辛拉麵(辣白醬風味),19,加工食品,1,1,79,579.0,18.2,18.4,85.2,7.0,1375.0,1,curated
374,4316036,辣白菜泡菜拉麵,19,加工食品,1,0,79,326.0,6.2,11.2,50.2,3.6,1766.0,1,curated
375,4321479,日式味噌風味拉麵,19,加工食品,1,0,79,345.0,8.1,15.0,44.4,6.2,1856.0,1,curated
376,4321483,日式豚骨風味拉麵,19,加工食品,1,0,79,364.0,7.6,19.0,40.5,4.7,1548.0,1,curated
377,4330311,大蒜拳骨拉麵,19,加工食品,1,1,79,526.0,21.3,21.1,62.6,1.8,2624.0,1,curated
378,4330416,大蒜拳骨激辣拉麵,19,加工食品,1,1,79,582.0,22.9,27.0,61.8,2.9,2944.0,1,curated
379,4350224,辣白菜泡菜拉麵袋麵,19,加工食品,1,1,79,519.0,11.5,16.1,82.0,5.8,2166.0,1,curated
380,4350379,農心辛拉麵袋麵,19,加工食品,1,0,79,499.0,9.8,14.9,81.5,3.6,1841.0,1,curated
381,4410074,五木肉燥味拉麵,19,加工食品,1,1,316,1258.4,38.0,32.8,202.8,15.6,4828.0,4,curated
382,0931464,讚岐烏龍麵,12,現煮鍋物,1,0,20,162.0,3.8,0.3,36.1,0.0,216.0,1,curated
383,1056574,咚兵衛日式腐皮烏龍麵杯,19,加工食品,1,0,45,344.0,7.1,11.4,54.3,5.4,1935.0,1,curated
384,4350951,農心爽口海鮮味烏龍麵,19,加工食品,1,0,45,495.0,8.9,14.5,82.1,4.3,1462.0,1,curated
385,0789566,大滿足香辣涼麵,2,主餐麵食,1,1,85,667.0,19.0,26.6,87.4,8.0,1004.0,1,curated
386,0789570,大滿足麻醬涼麵,2,主餐麵食,1,1,69,741.0,19.4,33.7,90.5,5.9,994.0,1,tier
387,0789584,台式麻醬涼麵,2,主餐麵食,1,1,69,510.0,15.2,22.6,61.2,4.7,604.0,1,tier
388,0087772,農心辛炒麵,19,加工食品,1,1,45,599.0,10.9,22.4,88.5,7.8,1294.0,1,curated
389,0664223,農心辛炒麵(起司風味),19,加工食品,1,1,45,560.0,11.0,18.2,88.0,8.4,1261.0,1,curated
390,1302242,火辣雞肉風味鐵板炒麵杯裝,19,加工食品,1,1,45,282.0,6.0,10.0,42.0,6.0,630.0,1,curated
391,1431095,辛辣白菜炒麵,19,加工食品,1,0,45,550.0,9.9,17.5,88.1,6.7,1604.0,1,curated
392,0705089,蒸蛋湯,5,小菜、滷味、湯品,0,1,45,134.0,15.0,6.1,4.8,2.2,870.0,1,curated
393,0533737,茶葉蛋白,5,小菜、滷味、湯品,0,1,45,45.2,9.2,0.1,1.8,0.8,348.0,1,curated
394,0011640,鹽味毛豆,15,冷凍食品,1,1,65,178.0,16.3,5.6,15.7,4.8,415.0,1,curated
395,1395134,鐵板豆腐燴蛋蓋飯,2,主餐麵食,1,1,99,555.0,21.4,14.6,84.0,6.4,870.0,1,tier
396,1204078,椒香風味豆腐棒,5,小菜、滷味、湯品,0,1,45,103.7,12.0,4.5,3.8,1.5,374.0,1,curated
397,1204096,義式香草豆腐棒,5,小菜、滷味、湯品,0,1,45,100.5,12.0,4.5,3.0,1.5,335.0,1,curated
398,0008922,味味一品麻辣臭豆腐麵,19,加工食品,1,1,45,556.0,19.8,27.5,57.3,4.6,2965.0,1,curated
399,0940710,海苔豆腐味噌湯,19,加工食品,0,1,45,29.0,1.7,0.6,4.7,0.6,677.0,1,curated
400,4420308,豆腐紫菜湯,19,加工食品,0,1,45,9.8,1.4,0.2,0.6,0.0,719.0,1,curated
401,4420803,日本全家豆腐海帶湯,19,加工食品,0,1,45,50.3,3.0,1.5,6.2,2.7,843.0,1,curated
402,4630597,甜酒豆腐乳,19,加工食品,0,1,900,420.0,20.0,12.0,58.0,46.0,5900.0,20,curated
403,0645043,剝皮辣椒雞湯,5,小菜、滷味、湯品,0,1,45,128.0,20.2,2.6,5.8,4.2,1194.0,1,curated
404,1118017,馬鈴薯玉米濃湯,5,小菜、滷味、湯品,0,0,45,224.0,8.4,8.7,28.2,9.6,729.0,1,curated
405,1284438,香菇雞燉湯,5,小菜、滷味、湯品,0,1,45,163.0,19.8,7.0,5.1,1.3,557.0,1,curated
406,1431845,三合一味噌湯,5,小菜、滷味、湯品,0,1,45,188.0,14.7,8.6,12.8,7.7,870.0,1,curated
407,1551015,小籠湯包,5,小菜、滷味、湯品,0,1,45,380.0,19.6,230.0,23.8,1.4,811.0,1,curated
408,1418611,燕麥綠豆湯,6,蛋糕甜品,0,1,105,219.0,4.5,5.1,39.9,24.9,33.0,3,curated
409,0313046,中熱玉米濃湯,8,現做飲料,0,0,50,211.0,0.0,0.0,0.0,10.0,0.0,1,curated
410,0011159,花生雙醬湯圓,15,冷凍食品,1,1,130,736.0,10.8,31.4,102.8,30.8,120.0,2,curated
411,0603093,經典小籠湯包,15,冷凍食品,1,1,130,234.0,13.2,7.8,27.8,2.8,342.0,2,curated
412,0655440,焦糖布丁湯圓,15,冷凍食品,1,0,130,624.0,8.0,25.2,91.4,10.6,40.0,2,curated
413,0967316,桂冠-阿華田包餡小湯圓,15,冷凍食品,1,0,130,586.0,8.4,19.0,95.2,11.0,414.0,2,curated
414,0967370,桂冠-紫糯米芋泥湯圓,15,冷凍食品,1,0,130,492.0,7.2,9.0,95.8,9.4,8.0,2,curated
415,1300454,桂冠-提拉米蘇湯圓,15,冷凍食品,1,0,130,532.0,8.4,15.8,89.0,8.8,28.0,2,curated
416,2410094,桂冠小湯圓,15,冷凍食品,1,1,195,753.0,13.8,14.1,142.5,9.3,3.0,3,curated
417,2410476,鮮肉湯圓,15,冷凍食品,1,1,130,604.0,13.2,31.6,66.8,4.4,334.0,2,curated
418,2411290,抹茶湯圓,15,冷凍食品,1,0,130,620.0,8.0,26.4,87.8,10.6,26.0,2,curated
419,2411622,花生湯圓,15,冷凍食品,1,1,130,732.0,12.4,34.4,93.2,19.8,6.0,2,curated
420,2411640,芝麻湯圓,15,冷凍食品,1,1,130,778.0,11.2,45.6,80.8,23.2,2.0,2,curated
421,2920255,義美酸梅湯,17,一般飲料,0,0,28,213.0,0.0,0.0,52.8,48.8,26.0,1,curated
422,0065108,湖池屋北海道玉米濃湯洋芋片,18,點心零食,0,0,64,392.0,4.8,25.2,36.6,2.4,452.0,2,curated
423,1385741,湯姆貓與傑利鼠造型風扇-附糖果,18,點心零食,0,0,50,25.2,0.0,0.0,6.4,3.8,3.8,2,curated
424,1438924,纖米脆脆—玉米濃湯ＰＬＵＳ風味,18,點心零食,0,0,32,114.2,2.9,5.4,14.1,0.7,78.0,1,curated
425,0089633,鹽味豚骨湯麵,19,加工食品,1,1,45,484.0,11.6,20.1,64.2,4.3,2616.0,1,curated
426,0293662,精燉肉燥湯麵5入裝,19,加工食品,1,1,225,1985.0,38.5,106.0,219.0,0.0,5875.0,5,curated
427,0345344,沙茶鍋燒湯麵,19,加工食品,1,1,45,516.0,10.7,22.0,68.8,4.5,2773.0,1,curated
428,0458983,經典風味玉米濃湯,19,加工食品,0,0,135,220.5,3.9,2.1,46.5,17.4,1917.0,3,curated
429,0472727,麻辣燙湯麵,19,加工食品,1,0,45,276.0,5.5,14.2,31.6,1.6,1181.0,1,curated
430,0591882,日本全家蛤蜊味噌湯,19,加工食品,0,0,45,33.0,3.5,0.7,3.1,7.8,787.4,1,curated
431,0600754,薑母鴨湯,19,加工食品,0,1,45,186.0,13.0,13.0,4.2,4.2,1561.0,1,curated
432,0600809,花雕雞湯,19,加工食品,0,1,45,87.0,12.3,1.4,6.3,5.6,1211.0,1,curated
433,0600859,藥燉排骨湯,19,加工食品,0,1,45,120.0,12.3,4.9,6.7,6.0,1089.0,1,curated
434,0600968,精燉肉燥湯麵,19,加工食品,1,1,45,397.0,7.7,21.2,43.8,0.0,1175.0,1,curated
435,0623792,漁夫龍蝦風味濃湯,19,加工食品,0,1,45,60.0,1.3,1.3,10.7,3.5,533.0,1,curated
436,0623801,安城湯麵,19,加工食品,1,1,45,531.0,10.2,17.8,82.5,3.6,2330.0,1,curated
437,0664641,紅燒嫩菇湯麵,19,加工食品,1,0,45,468.0,8.9,25.3,51.2,2.1,2002.0,1,curated
438,0664655,府城擔仔湯麵,19,加工食品,1,0,45,494.0,9.6,22.9,62.5,1.4,2093.0,1,curated
439,0699997,海鮮湯麵,19,加工食品,1,0,45,310.0,7.3,14.0,38.5,2.0,1485.0,1,curated
440,0940724,松露嫩雞風味濃湯,19,加工食品,0,1,45,61.0,1.7,1.5,10.2,2.1,454.0,1,curated
441,1055287,黑蒜豚骨湯麵,19,加工食品,1,0,45,481.0,9.1,25.2,54.4,3.2,2075.0,1,curated
442,1337748,田園巧達濃湯,19,加工食品,0,0,45,74.0,1.4,1.9,12.9,4.9,557.0,1,curated
443,1453869,長蔥味噌杯湯,19,加工食品,0,0,45,29.1,2.0,0.7,3.7,2.1,751.6,1,curated
444,4310399,日式雞白湯麵,19,加工食品,1,1,45,508.0,9.6,24.5,62.4,1.7,2226.0,1,curated
445,4330157,排骨雞湯麵特大號,19,加工食品,1,1,45,492.0,11.3,25.5,54.4,2.1,1645.0,1,curated
446,4340463,冬菜鴨肉湯粉絲,19,加工食品,0,1,45,229.0,1.6,6.6,40.9,0.0,1643.0,1,curated
447,4420726,海鮮巧達義大利濃湯麵,19,加工食品,1,0,45,181.0,4.8,2.7,34.3,3.8,613.0,1,curated
448,4420730,田園玉米義大利濃湯麵,19,加工食品,1,0,45,182.0,5.0,3.3,33.0,7.1,758.0,1,curated
449,4420744,雞蓉玉米濃湯,19,加工食品,0,1,45,59.0,1.3,0.7,11.8,5.6,396.0,1,curated
450,4421263,日本全家有明海苔味噌杯湯,19,加工食品,0,0,45,41.4,2.5,1.0,5.6,2.3,760.0,1,curated
451,1150803,香菇雞粥,2,主餐麵食,1,1,85,282.0,11.0,6.0,46.0,4.0,1070.0,1,curated
452,3330835,泰山八寶粥,17,一般飲料,1,0,28,269.0,6.0,0.4,60.4,31.0,57.0,1,curated
453,1431104,堅果燕麥粥活力野菜風味,19,加工食品,1,0,45,162.0,5.0,3.8,28.3,3.3,329.0,1,curated
454,1431881,堅果燕麥粥黃金玉米風味,19,加工食品,1,0,45,163.0,4.1,4.3,28.4,6.0,494.0,1,curated
455,1440400,田園蔬食粥,19,加工食品,1,0,45,117.0,2.8,0.6,25.8,4.5,340.0,1,curated
456,1440432,燕麥野菇粥,19,加工食品,1,0,45,127.0,2.9,1.9,25.4,3.4,412.0,1,curated
457,1424628,檸檬燕麥豆漿餐包,7,麵包,1,1,59,327.0,11.1,5.1,59.1,7.8,390.0,3,tier
458,0474274,光泉高鈣鮮豆漿,16,乳製品,0,1,28,203.2,15.3,7.6,18.4,12.6,58.0,1,curated
459,0475911,光泉燕麥高纖無加糖鮮豆漿,16,乳製品,0,1,28,184.5,14.4,8.1,18.0,2.2,162.0,1,curated
460,0754933,大醇豆無加糖豆漿,16,乳製品,0,1,28,160.0,15.8,8.6,5.6,2.3,56.0,1,curated
461,0926671,光泉無加糖鮮豆漿936ml,16,乳製品,0,1,75,338.4,31.8,16.8,15.0,6.6,102.0,3,curated
462,1110546,愛之味高鈣豆漿燕麥,16,乳製品,0,1,28,155.9,4.6,6.7,20.6,14.2,35.0,1,curated
463,1340789,大醇豆無加糖濃豆漿,16,乳製品,0,1,28,197.0,20.6,9.8,7.5,3.0,56.0,1,curated
464,1415009,大醇豆無加糖黑豆漿,16,乳製品,0,1,28,151.0,15.8,7.8,5.6,1.9,56.0,1,curated
465,1448858,燕麥高纖無加糖豆漿1857ml,16,乳製品,0,1,134,762.4,59.2,33.6,74.4,9.2,668.0,4,curated
466,1449022,無加糖鮮豆漿1857ml,16,乳製品,0,1,150,674.4,63.0,33.6,30.0,13.2,204.0,6,curated
467,2820720,桂格顆粒豆漿燕麥,16,乳製品,0,1,28,108.7,6.1,3.5,14.5,7.0,14.0,1,curated
468,2940031,光泉鮮豆漿,16,乳製品,0,1,28,230.4,15.2,8.0,24.4,20.8,72.0,1,curated
469,2940081,統一陽光無糖高纖豆漿,16,乳製品,0,1,112,162.8,13.6,7.6,14.0,3.2,88.0,4,curated
470,2940168,光泉無加糖鮮豆漿,16,乳製品,0,1,28,144.8,13.6,7.2,6.4,2.8,44.0,1,curated
471,2940227,統一陽光黃金豆豆漿,16,乳製品,0,1,112,234.0,14.0,8.4,25.6,19.2,108.0,4,curated
472,2940295,光泉黑芝麻鮮豆漿,16,乳製品,0,1,28,230.4,9.6,8.0,30.0,22.0,52.0,1,curated
473,2940459,光泉豆漿936ml,16,乳製品,0,1,75,537.0,35.4,18.6,57.0,48.6,168.0,3,curated
474,2945990,光泉無加糖黑豆漿,16,乳製品,0,1,28,141.6,14.0,7.2,5.2,2.0,56.0,1,curated
475,2946091,光泉無加糖濃豆漿,16,乳製品,0,1,28,190.2,19.1,9.8,7.9,2.6,60.0,1,curated
476,2946164,光泉無加糖濃黑豆漿,16,乳製品,0,1,28,198.2,19.1,9.8,11.6,3.8,60.0,1,curated
477,0063910,光泉無加糖優酪乳,16,乳製品,0,1,30,147.6,8.0,1.2,26.2,15.0,100.0,1,curated
478,0719226,LP33無加糖機能優酪乳,16,乳製品,0,1,30,101.0,6.6,1.6,15.0,9.0,104.0,1,curated
479,0738947,牧場直送4.0無加糖濃醇優酪乳,16,乳製品,0,1,60,118.4,5.6,4.0,15.0,11.6,64.0,2,curated
480,2840015,AB優酪乳原味902ml,16,乳製品,0,1,74,540.0,27.0,5.4,95.7,77.7,468.0,3,curated
481,2840251,AB優酪乳無加糖902ml,16,乳製品,0,1,74,519.0,27.9,11.7,75.6,41.4,468.0,3,curated
482,2850044,AB優酪乳原味517ml,16,乳製品,0,1,44,310.0,15.6,3.2,54.8,44.4,268.0,2,curated
483,2850058,AB優酪乳原味,16,乳製品,0,1,30,123.0,6.2,1.2,21.8,17.7,107.0,1,curated
484,2850149,AB草莓優酪乳,16,乳製品,0,1,30,143.0,5.6,1.2,27.4,23.3,91.0,1,curated
485,2850230,自然零無加糖優酪乳,16,乳製品,0,1,30,118.0,7.6,2.1,17.2,9.7,99.0,1,curated
486,2850276,光泉草莓綜合優酪乳,16,乳製品,0,1,30,130.4,4.6,2.4,22.6,21.2,76.0,1,curated
487,2850721,LP33機能優酪乳,16,乳製品,0,1,30,107.0,4.8,1.0,19.6,17.0,104.0,1,curated
488,2850785,AB優酪乳無加糖,16,乳製品,0,1,30,119.0,6.4,2.7,17.3,9.5,107.0,1,curated
489,2850876,AB優酪乳無加糖517ml,16,乳製品,0,1,44,298.0,16.0,6.8,43.4,23.8,268.0,2,curated
490,0025641,林鳳營特濃重乳優格,6,蛋糕甜品,0,1,140,408.0,22.4,13.6,49.2,45.6,248.0,4,curated
491,0042974,鮮乳坊生乳優格,6,蛋糕甜品,0,1,105,296.1,15.9,17.1,19.8,15.3,162.0,3,curated
492,0100863,林鳳營草莓特濃優格,6,蛋糕甜品,0,1,140,416.0,20.4,12.4,56.0,48.4,200.0,4,curated
493,0263952,牧場直送4.0鮮乳優格,6,蛋糕甜品,0,1,35,108.9,4.2,5.3,13.2,7.1,53.0,1,curated
494,0537745,質立蜂蜜希臘式優格,6,蛋糕甜品,0,1,35,185.0,6.0,7.4,23.6,21.5,85.0,1,curated
495,0537959,質立無加糖希臘式優格,6,蛋糕甜品,0,1,35,171.0,6.0,7.5,19.8,12.5,84.0,1,curated
496,1048565,林鳳營藍莓特濃重乳優格,6,蛋糕甜品,0,1,35,131.0,6.5,4.2,16.9,14.8,74.0,1,curated
497,2620051,光泉莓果穀物脆片鮮奶優格,6,蛋糕甜品,0,1,35,80.8,4.3,4.4,6.0,4.3,69.0,1,curated
498,2620124,大粒果實鮮美橘瓣優格,6,蛋糕甜品,0,1,70,180.0,7.0,4.4,28.2,28.0,56.0,2,curated
499,2620138,大粒果實蜂蜜草莓優格,6,蛋糕甜品,0,1,70,186.0,7.6,4.4,28.8,27.8,58.0,2,curated
500,2620283,福樂頂級希臘式優格,6,蛋糕甜品,0,1,35,115.0,7.3,5.1,9.9,8.8,69.0,1,curated
501,2620360,大粒果實葡萄蘆薈優格,6,蛋糕甜品,0,1,70,194.0,8.2,5.2,28.8,28.8,88.0,2,curated
502,2620479,林鳳營草莓特濃重乳優格,6,蛋糕甜品,0,1,35,135.0,6.6,4.0,18.2,15.7,65.0,1,curated
503,2620483,林鳳營無加糖特濃重乳優格,6,蛋糕甜品,0,1,35,100.0,7.3,4.4,7.9,6.8,81.0,1,curated
504,1413039,小美輕優蘋果優格紅茶雪糕,14,冰品,0,1,30,115.0,1.3,4.6,17.2,13.9,21.4,1,curated
505,1413043,小美輕優柳橙優格綠茶雪糕,14,冰品,0,1,30,117.0,1.4,5.2,16.2,12.7,23.3,1,curated
506,1439334,樂天Joee希臘式優格草莓雪糕,14,冰品,0,1,30,184.0,2.0,11.2,18.8,18.2,44.0,1,curated
507,1074017,百奇藍莓果粒優格棒,18,點心零食,0,1,32,189.2,2.8,8.1,26.2,13.5,66.1,1,curated
508,0784984,每日滿足莓果優格穀物棒,19,加工食品,0,1,59,106.0,1.6,4.6,15.6,4.3,8.3,1,tier
509,0975298,三福濃厚鮮乳布丁,6,蛋糕甜品,0,1,35,221.0,5.8,15.8,13.8,13.1,44.0,1,curated
510,1413798,鮮乳坊莊園鮮乳雞蛋布丁,6,蛋糕甜品,0,1,35,196.6,5.9,10.1,20.6,19.9,60.3,1,curated
511,0591391,鮮乳坊起司銀絲卷,10,蒸箱食品,0,1,45,209.0,7.1,1.5,41.6,8.1,80.0,1,curated
512,0328057,阿奇儂X鮮乳坊生巧克力戀乳雪糕,14,冰品,0,1,30,177.3,3.1,9.7,19.4,15.1,28.0,1,curated
513,1056924,義美黑餅乾鮮乳銅鑼燒冰淇淋,14,冰品,0,1,30,209.0,3.9,9.5,26.9,15.4,56.9,1,curated
514,1413102,義美巧克力鮮乳消化餅冰淇淋,14,冰品,0,1,30,252.0,3.7,13.5,28.9,13.4,93.8,1,curated
515,0063988,牧場直送4.0鮮乳1858ml,16,乳製品,0,1,142,1263.5,59.5,74.5,89.0,85.5,745.0,5,curated
516,0201271,鮮乳坊A2β酪蛋白鮮乳,16,乳製品,0,1,152,636.4,30.0,37.6,44.8,43.2,376.0,4,curated
517,0414690,A2β酪蛋白鮮乳200ml,16,乳製品,0,1,19,136.0,6.4,8.0,9.6,9.2,80.0,1,curated
518,0557094,福樂一番鮮全脂鮮乳936ml,16,乳製品,0,1,83,608.0,29.2,34.8,44.8,40.4,376.0,4,curated
519,0600504,義美全脂鮮乳2L,16,乳製品,0,1,174,1312.0,61.6,74.4,99.2,97.6,800.0,8,curated
520,0670985,鮮乳坊桂芳鮮乳300ml,16,乳製品,0,1,24,204.0,9.6,12.0,14.4,13.8,120.0,1,curated
521,0791315,義美無乳糖全脂鮮乳,16,乳製品,0,1,28,135.0,6.6,7.4,10.6,8.4,71.4,1,curated
522,1009804,義美無乳糖全脂鮮乳900ml,16,乳製品,0,1,74,609.0,29.7,33.3,47.4,37.8,321.0,3,curated
523,1200460,萬丹鮮乳290ml,16,乳製品,0,1,24,159.0,7.4,9.1,11.8,11.8,108.0,1,curated
524,1449040,東海大學高優質鮮乳946ml,16,乳製品,0,1,84,608.0,30.4,34.0,45.2,45.2,464.0,4,curated
525,2710016,林鳳營全脂鮮乳936ml,16,乳製品,0,1,75,471.0,23.1,26.7,34.5,34.5,324.0,3,curated
526,2710020,鮮乳坊桂芳鮮乳936ml,16,乳製品,0,1,83,636.4,30.0,37.6,44.8,43.2,376.0,4,curated
527,2710034,林鳳營全脂鮮乳1857ml,16,乳製品,0,1,150,1218.0,55.8,69.0,93.0,93.0,834.0,6,curated
528,2710052,乳香世家全脂鮮乳936ml,16,乳製品,0,1,75,617.7,30.9,34.5,45.9,45.0,420.0,3,curated
529,2710066,光泉全脂鮮乳1857ml,16,乳製品,0,1,150,1230.6,61.2,69.0,91.2,89.4,834.0,6,curated
530,2710143,萬丹鮮乳936ml,16,乳製品,0,1,75,477.0,22.2,27.3,35.4,35.4,324.0,3,curated
531,2710157,牧場直送4.0鮮乳900ml,16,乳製品,0,1,74,612.0,28.8,36.0,43.2,41.4,360.0,3,curated
532,2710175,瑞穗全脂鮮乳1858ml,16,乳製品,0,1,182,1210.0,59.0,69.0,89.0,89.0,780.0,10,curated
533,2710189,義美全脂鮮乳946ml,16,乳製品,0,1,84,656.0,30.8,37.2,49.6,48.8,400.0,4,curated
534,2710666,鮮乳坊許慶良鮮乳936ml,16,乳製品,0,1,83,636.4,30.0,37.6,44.8,43.2,376.0,4,curated
535,2716012,瑞穗全脂鮮乳930ml,16,乳製品,0,1,75,606.0,29.7,34.5,44.7,44.7,390.0,3,curated
536,2716030,光泉全脂鮮乳,16,乳製品,0,1,84,617.7,30.9,34.5,45.9,45.0,420.0,3,curated
537,2720013,乳香世家全脂鮮奶,16,乳製品,0,1,28,291.1,14.5,16.3,21.6,21.1,198.0,1,curated
538,2720027,林鳳營全脂鮮乳,16,乳製品,0,1,28,148.0,7.3,8.4,10.9,10.9,103.0,1,curated
539,2720045,乳香世家全脂鮮乳220ml,16,乳製品,0,1,20,145.3,7.3,8.1,10.8,10.6,99.0,1,curated
540,2720059,義美全脂鮮乳236ml,16,乳製品,0,1,21,154.0,7.3,8.7,11.7,11.5,94.4,1,curated
541,2720063,林鳳營全脂鮮乳338ml,16,乳製品,0,1,27,157.0,7.7,8.9,11.5,11.5,108.0,1,curated
542,2720095,鮮乳坊嘉明鮮乳,16,乳製品,0,1,28,139.0,6.7,8.0,10.1,9.7,84.0,1,curated
543,2720104,義美全脂鮮乳290ml,16,乳製品,0,1,24,190.0,9.0,10.7,14.3,14.1,116.0,1,curated
544,2720118,光泉全脂鮮乳,16,乳製品,0,1,28,191.5,9.6,10.7,14.2,13.9,131.0,1,curated
545,2720168,牧場直送鮮乳375ml,16,乳製品,0,1,29,255.0,12.0,15.0,18.0,17.3,150.0,1,curated
546,2740067,林鳳營低脂鮮乳936ml,16,乳製品,0,1,75,321.0,23.1,10.2,34.5,34.5,324.0,3,curated
547,2740112,光泉低脂鮮乳936ml,16,乳製品,0,1,75,429.6,30.9,13.2,46.8,45.9,345.0,3,curated
548,2750014,林鳳營低脂鮮乳338ml,16,乳製品,0,1,27,107.0,7.7,3.4,11.5,11.5,108.0,1,curated
549,2750105,光泉低脂鮮乳,16,乳製品,0,1,28,133.3,9.6,4.1,14.5,14.2,148.0,1,curated
550,2750119,瑞穗低脂鮮乳,16,乳製品,0,1,28,129.0,9.3,4.1,13.9,13.9,122.0,1,curated
551,2820170,光泉杯裝全脂鮮乳,16,乳製品,0,1,28,162.3,8.1,9.1,12.0,11.8,110.0,1,curated
552,3960739,鮮乳餅,18,點心零食,0,1,32,225.9,4.5,8.1,33.8,6.6,85.0,1,curated
553,1038027,水果玉米(即食),4,生鮮蔬果沙拉,0,0,65,93.0,5.4,1.0,18.2,7.4,5.0,1,curated
555,1370085,水果玉米筍,4,生鮮蔬果沙拉,0,0,65,15.6,1.3,0.2,3.5,2.2,1.2,1,curated
556,0886407,特大冰4水果茶,8,現做飲料,0,0,50,333.0,0.0,0.0,0.0,81.0,0.0,1,curated
557,1147599,光泉一日快充綜合水果飲,17,一般飲料,0,0,56,129.6,1.4,0.0,31.0,25.6,220.0,2,curated
558,2970555,一日水果100%蘋果汁,17,一般飲料,0,0,28,112.0,0.0,0.0,28.0,24.0,24.0,1,curated
559,3121210,冰鎮水果茶,17,一般飲料,0,0,56,214.0,0.0,0.0,53.4,50.2,58.0,2,curated
560,0376537,綜合水果飽嘴軟糖,18,點心零食,0,0,125,110.0,2.0,0.0,26.0,25.5,20.0,5,curated
561,0446475,Poifull綜合水果軟糖,18,點心零食,0,0,25,188.7,2.7,0.2,44.0,29.2,6.9,1,curated
562,1199514,彩虹糖酸甜水果口味,18,點心零食,0,0,25,158.0,0.0,1.7,35.7,30.1,3.0,1,curated
563,1386983,義美生機水果黑巧克力片,18,點心零食,0,0,64,298.0,4.0,21.2,22.8,13.2,8.2,2,curated
564,1405339,蘋果醋綜合軟糖（水果風味）,18,點心零食,0,0,25,160.0,4.0,0.0,36.0,0.0,20.0,1,curated
565,1408755,彩虹軟糖混合水果口味,18,點心零食,0,0,125,495.0,5.0,0.0,119.0,95.0,18.5,5,curated
566,3710574,彩虹糖混合水果口味,18,點心零食,0,0,125,180.0,0.0,2.0,41.0,34.0,5.0,5,curated
567,3720703,黑嘉麗綜合水果糖果,18,點心零食,0,0,25,185.0,2.2,0.0,43.4,29.3,63.0,1,curated
568,3723088,普超條糖綜合水果味,18,點心零食,0,0,25,208.2,1.3,2.2,45.8,29.9,4.0,1,curated
569,3723397,哈瑞寶鈕扣Q軟糖爆酸水果風味,18,點心零食,0,0,25,148.8,2.6,0.0,34.6,20.7,4.0,1,curated
570,3723406,哈瑞寶鈕扣Q軟糖水果風味,18,點心零食,0,0,25,152.1,3.1,0.0,34.8,20.5,14.0,1,curated
571,3723638,酷Q彌軟糖(水果味),18,點心零食,0,0,25,177.0,3.5,0.0,40.8,28.9,4.0,1,curated
572,3734190,皮禮士貝思玩偶水果糖,18,點心零食,0,0,75,102.0,0.0,0.3,24.6,24.6,0.0,3,curated
573,0664491,莓果水果穀物圈,19,加工食品,0,0,45,60.8,1.4,1.0,12.0,5.3,0.9,1,curated
575,1189808,香蕉咖啡酷繽沙,8,現做飲料,0,0,50,328.0,0.0,0.0,0.0,50.0,0.0,1,curated
576,0094044,川味椒麻煎餃,15,冷凍食品,1,1,65,308.0,14.7,11.7,35.9,6.7,903.0,1,curated
577,0916406,桂冠-花枝餃,15,冷凍食品,1,1,130,154.0,12.8,3.8,17.4,4.4,706.0,2,curated
578,1234556,桂冠X這一鍋 鮮蝦蛋餃,15,冷凍食品,1,1,130,128.0,11.0,6.6,6.0,1.0,378.0,2,curated
579,1059645,金黃芝士熱狗,11,燒烤食品,0,1,45,220.0,10.9,17.5,4.6,1.6,478.0,1,curated
580,1059681,維也納雞肉熱狗,11,燒烤食品,0,1,45,187.0,11.3,13.3,5.7,1.7,428.0,1,curated
581,1059695,香辣雞肉熱狗,11,燒烤食品,0,1,45,193.0,10.9,13.1,7.9,4.2,553.0,1,curated
582,1059704,義式起司雞肉熱狗,11,燒烤食品,0,1,45,190.0,11.3,13.6,5.7,1.7,456.0,1,curated
583,0755975,經典歐式熱狗腸,19,加工食品,0,1,405,234.0,18.9,11.7,15.3,0.9,918.0,9,curated
584,2420350,蛋餅皮,15,冷凍食品,1,1,325,565.0,19.0,8.0,104.0,2.0,185.0,5,curated
