salePageId,title,price,suggestPrice,isSoldOut
11448973,【冷藏店取-雙月】雙月嫩仙草凍(1kg/盒),79,99,False
11488872,【冷藏店取—ＥＭＩＮＡ】綜合莓起司(９０ｇ／盒)(效期至2026/08/13),130,139,False
11545872,【阿罔姨】胖胖厚片-奶酥口味 (100g/包),35,40,False
11666774,【豆穌朋】冰心泡芙－原味(18g*8入裝/袋),185,220,True
10841941,【王田厚片生吐司製造所】生吐司厚片-高鈣芝士(65公克/片),30,49,False
11448984,【冷藏店取-雙月】雙月檸檬愛玉凍(1kg/盒),79,99,False
8216958,【冷凍店取－大成食品】岩島成香蒜奶油麵包(１４０ｇ／包),49,85,False
11488881,【冷藏店取—ＥＭＩＮＡ】葡萄乾起司(９０ｇ／盒)(效期至2026/07/16),130,139,False
8608458,【桂冠】花生小湯圓(２００ｇ／盒),79,89,False
11471984,【小山之丘】焦糖脆皮泡芙(136g/盒(8入)),165,185,False
11616901,【島嶼生吐司】雙倍奶酥生吐司厚片(95g/包),45,55,False
11666780,【豆穌朋】冰心泡芙－草莓(18g*8入裝/袋),185,220,False
7821121,【冷凍店取－大成食品】岩島成肉桂捲(100g/個),45,90,False
9524641,【冷凍店取-布朗主廚】【貝果】藍莓果果(８０ｇ±５％／個),60,60,False
11545865,【阿罔姨】胖胖厚片-香蒜口味(100g/包),35,40,False
11616905,【島嶼生吐司】新鮮蒜香生吐司厚片(95g/包),45,55,False
10841932,【王田厚片生吐司製造所】生吐司厚片-三星蔥(90公克/片),35,59,False
11545875,【阿罔姨】胖胖厚片-花生口味(100g/包),35,40,False
8216957,【冷凍店取－大成食品】岩島成明太子麵包(１４７ｇ／包),69,69,False
8499974,【冷凍店取－大成食品】巴黎１５蔓葡司康(９０ｇ／個),49,89,False
8216959,【冷凍店取－大成食品】岩島成培根洋蔥起司吐司(２１０ｇ／包),53,85,False
11502416,【我家牛排】經典香蒜厚片(90g±4.5%/包),40,50,False
11681636,【河洛】安博格義式莫札瑞拉起司片(200g/包)(效期至2026/07/03),179,179,False
11545866,【阿罔姨】胖胖厚片-黑巧克力(100g/包),35,40,False
9524642,【冷凍店取-布朗主廚】貝果－花言巧語(１１０ｇ±５％／個),65,65,False
10755719,【蔡家虹】比利時巧克力厚片吐司(105gx1/包),38,48,False
9524644,【冷凍店取-布朗主廚】【貝也納】經典奶糖(１００ｇ±５％／個),65,65,False
8650230,【冷凍店取－山寨村】草莓生乳貝果(１１０ｇ／包),59,79,False
7752577,【冷凍店取－窯烤山寨村】抹茶生乳牛奶貝果(１１０ｇ),59,75,False
9840253,【冷凍店取-大成食品】巴黎１５炙燒乳酪法國麵包(80g/包),49,85,False
8499975,【冷凍店取－大成食品】巴黎１５巧克力司康(９０ｇ／個),59,89,False
11616927,【島嶼生吐司】義式青醬蘑菇生吐司厚片(126g/包),69,79,False
11616897,【漾蛋糕】特極蛋糕-特選台灣烏龍(116g/盒),90,100,False
10669191,【山吐司】揪愛分享包(540g/袋(5片/袋)),218,238,False
10127098,【冷凍店取-好丘】好丘茶香四溢貝果組(334g/包(3入)),175,190,False
10588519,【世唯厚片】日式蜜糖(98g/包),38,60,False
10127105,【冷凍店取-好丘】親子共享3入組(356gx1(地瓜乳酪+草莓奶香+花生巧克力)),175,190,False
11769976,【弄餅家】抹茶奶酥生吐司金磚(100gx1),45,45,False
8588371,【冷凍店取－窯烤山寨村】提拉米蘇貝果(１１０ｇ／個),59,79,False
7752578,【冷凍店取－窯烤山寨村】芋頭生乳牛奶貝果(１１０ｇ),59,75,False
11235992,【冷藏店取-寶宏安柏】頂級黃金調理起司絲(300g/包),149,192,False
11502438,【我家牛排】經典奶酥厚片(90g±4.5%/包),40,50,False
11769970,【弄餅家】花生奶酥生吐司金磚(100gx1),45,45,False
9179498,【冷凍店取-鮮芋仙】芋薯圓圓(300g(芋圓+地瓜圓)/盒),99,159,False
8872339,【冷凍店取—窯烤山寨村】焦糖蘋果生乳貝果(110gx1),59,75,False
11769974,【弄餅家】生吐司香蒜金磚(6入)(90gx6),215,215,False
10588509,【世唯厚片】高鈣乳酪(101g/包)(效期至2026/07/18),45,65,False
11616923,【漾蛋糕】特極蛋糕-特濃巧克力蛋糕(120g/盒),90,100,False
11769973,【弄餅家】巧克力奶酥生吐司金磚(100gx1),45,45,False
11566871,【冷藏店取—安博格】安博格享樂起司條 4入(84gx1)(效期至2026/07/02),179,179,False
10669172,【山吐司】山吐司HOT組合包(550g/袋(5片/袋)),218,238,False
11616912,【島嶼生吐司】白醬海鮮生吐司厚片(122g/包),69,79,False
11236639,【言久嵢】厚切焦糖布丁三明治蛋糕(240g/盒),145,145,False
7756614,【冷凍店取－魏姐】黑糖珍珠(８０ｇ＊４),95,115,False
11402054,【言久嵢】黑糖布丁杯2入裝(120gx2入/盒)(效期至2026/06/21),105,105,False
10929991,【言久嵢】芒果波士頓派(185g/盒),158,169,False
11769968,【弄餅家】生吐司香蒜金磚(100gx1),45,45,False
10669181,【山吐司】新經典組合包(540g(5片/袋)),218,238,False
10127107,【冷凍店取-好丘】起司派對3入組(356gx1(經典乳酪+起司三重奏+蔥蒜香腸)),180,195,False
11441156,【娜米拉烘焙坊】草莓生吐司(240g/包),99,109,False
11502433,【我家牛排】巧克力奶酥厚片(90g±4.5%/包),40,50,False
11441191,【豐蛋糕咖啡烘焙館】原味凹蛋糕(170g/盒),139,140,False
11362099,【冷藏店取-寶宏安柏】寶宏安柏乳酪抹醬(280g/包),112,139,False
11156598,【冷凍店取-小牧起司】小牧起司烤榴槤(100gx1),155,199,False
10755720,【山吐司】蜜糖吐司(440g/包),130,149,False
11634796,【吳寶春x愛上新鮮】原味奶油冰心維也納(140g±4.5%/個),135,159,False
11402053,【食芋堂】鹹蛋黃肉鬆芋頭蛋糕(170g/盒),165,165,False
7756616,【冷凍店取－魏姐】黑糖紅豆包心粉圓(８０ｇ＊３),85,105,False
10588504,【世唯厚片】香醇巧克力(103g/包),45,65,False
11380905,【冷藏店取-寶宏】寶宏安柏泡麵起司(100g/包)(效期至2026/08/29),85,109,False
11681641,【冷藏店取-安博格】安博格無鹽奶油100g(100G/條),85,109,False
11502426,【我家牛排】香蒜奶酥厚片(90g±4.5%/包),40,50,False
11362109,【冷藏店取-寶宏】高達乾酪片(130g/包),99,128,False
11362091,【冷藏店取-寶宏安柏】高達起司片(180g/包),121,145,False
11132149,【花芙家 】迷你仙草凍蛋糕寶盒(160g/盒),85,99,False
10777410,【蔡家虹手作三明治】巧克力乳酪(90g/個),45,55,False
11681639,【冷藏店取-安博格】安博格軟質起司抹醬(200g/個),145,165,False
11634781,【吳寶春x愛上新鮮】焙茶鐵觀音冰心維也納(145g±4.5%/個),135,159,False
11616924,【漾蛋糕】特極蛋糕-香濃花生(115g/盒),90,100,False
11616909,【漾蛋糕】特極蛋糕-夏日香檸(126g/盒),90,100,False
11362064,【冷藏店取-愛樂薇】水果優格-綜合莓果4入組(125g*4個/組),179,199,False
11769967,【弄餅家】椰香奶酥生吐司金磚(90gx1),45,45,False
11634794,【吳寶春x愛上新鮮】黑金可可冰心維也納(130g±4.5%/個)(效期至2026/07/13),135,159,False
11631324,【紅葉蛋糕】黑森林長條-1盒(580g±5%/盒),680,680,False
11362056,【冷藏店取-愛樂薇】水果優格-蜜桃4入組(125g*4個/組),179,199,False
11631330,【紅葉蛋糕】6吋芋泥布丁香草戚風蛋糕(862g±50g/盒),1089,1089,False
11631329,【紅葉蛋糕】黑櫻桃條-1盒(450g±5%/盒),680,680,False
11341136,【幽靈麵包】香椿奶油厚片(90gx1),39,45,False
11306779,【雪之戀】雪之戀雲朵燒- 布丁風味(500g/盒),210,250,False
11302444,【法藍四季】招牌肉鬆起酥三明治半條(單盒)(450g/盒),330,330,False
10777404,【言久嵢】醇波士頓派-海鹽焦糖(185g/盒),158,169,False
10549342,【冷凍店取-好丘】山茶花可頌三入組[全家限定](360g/組(3入))(效期至2026/06/15),279,297,False
10545626,【黑丸嫩仙草】【黑丸】招牌嫩仙草(2kg±1.5%/桶，共6桶/箱),840,840,False
10545615,【黑丸嫩仙草】【黑丸】檸檬寒天愛玉凍(2kg±1.5%/桶，共6桶/箱),840,840,False
11658688,【冷藏店取-安博格】安博格噴式鮮奶油29%(250g/瓶)(效期至2026/07/11),230,230,False
11631326,【紅葉蛋糕】6吋黑森林(670g±5%/盒),1089,1089,False
11577357,【冷藏店取-寶宏安柏】經典有鹽奶油(200g/盒),149,175,False
11566876,【冷藏店取—安博格】動物性鮮奶油35.1%(200ml/盒)(效期至2026/06/29),179,179,False
11414410,【奧瑪烘焙】肉鬆小貝-2盒(27g±9%/個(4個/盒)x2盒),400,500,False
11249564,【亞尼克】亞尼克生乳捲-原味10入(324G/入*10),2980,3920,False
10777384,【言久嵢】醇波士頓派-原味(145g/盒),158,169,False
10545644,【特美香】原味蛋糕10入+黑糖蛋糕10入(300g*20入),1800,1900,False
10545636,【黑丸嫩仙草】【黑丸】仙草3桶+愛玉3桶(仙草3桶+愛玉3桶(2kg/桶，共6桶/箱)),840,840,False
10526000,【言久嵢】雪藏草莓布蕾乳酪蛋糕(450g/盒),249,269,False
10316674,【冷凍店取-鮮芋仙】芝麻芋頭圓(200g/盒),95,129,False
8936366,【冷凍店取—食之香】起司抓餅(130gx1包),49,80,False
11731005,【原味時代】減醣貝果人氣綜合5入組(重乳酪1入+惡魔可可1入+海鹽焦糖1入+奶油香蒜1入+小農番茄瑪格麗特1入),580,670,False
11723147,【小熊菓子】芙菲小圓餅-經典原味(240g(18入)/盒),420,420,False
11631332,【BAC】6吋經典起士巧克力蛋糕(700 ± 15公克/顆(贈質感不銹鋼刀)),1199,1199,False
11631331,【紅葉蛋糕】黑森林長條-8盒(580g±5%/盒),4080,4080,False
11631327,【紅葉蛋糕】黑櫻桃條-8盒(450g±5%/盒),4080,4080,False
11631321,【阿默典藏蛋糕】荷蘭貴族手工蛋糕-1盒(417公克/盒),630,630,False
11494156,【美食村】牛奶焦糖泡芙(240g±3%/盒(6入)),199,220,False
11421697,【奧瑪烘焙】柑橘檸檬磅蛋糕-10入(420g±3%/盒(1條/盒)x10盒),2850,4000,False
11421690,【奧瑪烘焙】柑橘檸檬磅蛋糕-2入(420g±3%/盒(1條/盒)x2盒),760,1000,False
11362095,【冷藏店取-安博格】安博格有鹽奶油(200g/包),199,199,False
11357474,【小熊菓子】偷心泡芙(12包）(86g/袋),1692,1692,False
11357424,【小熊菓子】Q心乳加餅禮盒9入(單盒)(252g/盒(9入)),500,500,False
11354364,【分享烘焙】宅20維也納原味(牛奶)冰麵包(120g±5%/入*20),1100,1600,False
11354358,【分享烘焙】宅20維也納蒜香麵包(120g±5%/入*20),1100,1600,False
11302481,【久久津乳酪本舖】道南半熟乳酪-綜合8入(單盒)(原味40g*3入、抹茶40g*3入、巧克力40g*2入/盒),550,550,False
11302477,【諾貝爾奶凍】巧克力奶凍(單盒)(490g±3%/盒),500,500,False
11302476,【諾貝爾奶凍】香草奶凍(單盒)(510g±15g/盒),500,500,False
11302469,【亞尼克】北海道黑酷曲2入(360g/入),1100,1100,False
11302463,【亞尼克】巴斯克生起司1入(450g/入),620,620,False
11302460,【亞尼克】巴斯克生起司12入(450g/入),3828,5040,False
11302457,【亞尼克】北海道黑酷曲1入(360g/入),650,650,False
11302455,【亞尼克】巴斯克生起司2入(450g/入),1040,1040,False
11302453,【法藍四季】招牌肉鬆起酥三明治半條(6盒)(450g/盒*6盒),1080,1080,False
11302452,【熊夫人甜點】茶酒泡芙6入組(單盒)(伯爵茶威士忌55g*2入、茉莉花琴酒55g*2入、鐵觀音龍舌蘭55g*2入/盒),650,650,False
11302448,【諾貝爾奶凍】芒果奶凍(單盒)(470g±3%/盒),520,520,False
11302447,【查理布朗】湯普斯台灣花生麵包(2包)(320g±3%/包*2包),510,510,False
11302446,【熊夫人甜點】抹茶紅豆茉莉花琴酒(單盒)(500g±20g/盒),820,820,False
11302440,【My Dear】手工薄層濃純黑草莓巧克力(10g*10包/盒),430,430,False
11302438,【久久津乳酪本舖】開運布丁燒(單盒)(90g*5入/盒),460,460,False
11302437,【查理布朗】馬卡龍開心果6入(8盒)(18g±5%*6入/盒*8盒),2240,2240,False
11302436,【查理布朗】湯普斯大蒜麵包(2包)(320g±3%/包*2包),510,510,False
11302435,【查理布朗】湯普斯大蒜麵包(12包)(320g±3%/包*12包),2160,2160,False
11302434,【My Dear】手工薄層牛奶白草莓巧克力(10g*10包/盒),430,430,False
11302433,【久久津乳酪本舖】玫瑰檸檬乳酪塔(單盒)(70g*4入/盒),480,480,False
11302431,【法藍四季】芋頭肉鬆三明治半條(單盒)(450g/盒),400,400,False
11302428,【查理布朗】馬卡龍開心果6入(單盒)(18g±5%*6入/盒),430,430,False
11302427,【久久津乳酪本舖】玫瑰檸檬乳酪塔(6盒)(70g*4入/盒*6盒),2130,2130,False
11302426,【久久津乳酪本舖】焦糖布蕾蛋糕(單盒)(320g/盒),510,510,False
11302425,【查理布朗】湯普斯台灣花生麵包(12包)(320g±3%/包*12包),2160,2160,False
11264049,【鮮芋仙】紅豆芋泥湯圓(200g/盒),89,129,False
11249588,【亞尼克】亞尼克生乳捲-原味1入(324G/入),592,592,False
11249583,【亞尼克】亞尼克生乳捲-特黑10入(324G/入*10),3190,4200,False
11249579,【亞尼克】亞尼克生乳捲-特黑1入(324G/入),620,620,False
11249575,【亞尼克】亞尼克生乳捲-特黑2入(324G/入*2),1040,1040,False
11249572,【亞尼克】亞尼克生乳捲-雪天使1入(324G/入),620,620,False
11249570,【亞尼克】亞尼克生乳捲-原味2入(324G/入*2),984,984,False
11235985,【冷藏店取-安博格】無鹽奶油(200g/包),199,199,False
11220082,【言久嵢】厚切焦糖芋頭布丁三明治蛋糕(240g/盒),145,155,False
11026137,【阿聰師的糕餅主意】阿聰師芋頭酥-麻糬6入/盒((50g*6/盒)*6),1980,1980,False
10545620,【黑丸嫩仙草】【黑丸】仙草+愛玉+紅茶(仙草2桶+愛玉2桶+紅茶2桶(2kg/桶，共6桶/箱)),840,840,False
10545614,【黑丸嫩仙草】【黑丸】蜂蜜紅茶凍(2kg±1.5%/桶，共6桶/箱),840,840,False
10395791,【老食說】手工牛角麵包10入組(65g/個，原味*5、奶酥*5，共10個),399,798,False
10316682,【冷凍店取-鮮芋仙】花生地瓜圓(200g/盒),95,129,False
10316678,【冷凍店取-鮮芋仙】招牌燒仙草小雙圓(1000g/盒),179,229,False
10316663,【冷凍店取-鮮芋仙】芝麻地瓜圓(200g/盒),95,129,False
10316655,【冷凍店取-鮮芋仙】雙圓紫米粥(1000g/盒),199,249,False
11723132,【小熊菓子】芙菲小圓餅-經典原味(24盒)(240g(18入)/盒),3960,3960,False
11631334,【阿默典藏蛋糕】荷蘭貴族手工蛋糕-12盒(417公克/盒),4560,4560,False
11357480,【留酥】卡列特綜合禮盒8入(7盒)(240g/盒(8入)),3500,3500,False
11357469,【小熊菓子】帕瑪森起司棒(11包)(150g/袋),2365,2365,False
11357443,【留酥】卡列特綜合禮盒8入(單盒)(240g/盒(8入)),710,710,False
11357441,【小熊菓子】Q心乳加餅禮盒9入(10盒)(252g/盒(9入)),3600,3600,False
11357427,【小熊菓子】法式小泡芙-原味(12包)(110g/袋),1920,1920,False
11302473,【諾貝爾奶凍】香草奶凍(8盒)(510g±15g/盒*8盒),2280,2280,False
11302471,【亞尼克】北海道黑酷曲12入(360g/入),4104,5400,False
11302465,【諾貝爾奶凍】芋頭奶凍(8盒)(550g±15g/盒*8盒),2480,2480,False
11302456,【諾貝爾奶凍】芒果奶凍(8盒)(470g±3%/盒*8盒),2480,2480,False
11302454,【熊夫人甜點】茶酒泡芙6入組(6盒)(伯爵茶威士忌55g*2入、茉莉花琴酒55g*2入、鐵觀音龍舌蘭55g*2入/盒*6盒),2880,2880,False
11302445,【諾貝爾奶凍】巧克力奶凍(8盒)(490g±3%/盒*8盒),2280,2280,False
11302443,【熊夫人甜點】抹茶紅豆茉莉花琴酒(4盒)(500g±20g/盒*4盒),2600,2600,False
11302442,【久久津乳酪本舖】焦糖布蕾蛋糕(6盒)(320g/盒*6盒),2310,2310,False
11302441,【法藍四季】芋頭肉鬆三明治半條(6盒)(450g/盒*6盒),1500,1500,False
11302439,【My Dear】手工薄層濃純黑草莓巧克力-6盒(10g*10包/盒*6盒),2310,2310,False
11302432,【My Dear】手工薄層牛奶白草莓巧克力-6盒(10g*10包/盒*6盒),2310,2310,False
11302430,【久久津乳酪本舖】道南半熟乳酪-綜合8入(6盒)(原味40g*3入、抹茶40g*3入、巧克力40g*2入/盒*6盒),2550,2550,False
11302429,【久久津乳酪本舖】開運布丁燒(6盒)(90g*5入/盒*6盒),2010,2010,False
11249577,【亞尼克】亞尼克生乳捲-雪天使2入(324G/入*2),1040,1040,False
11249573,【亞尼克】亞尼克生乳捲-雪天使10入(324G/入*10),3190,4200,False
11026136,【阿聰師的糕餅主意】阿聰師綜合小酥餅禮盒10入/盒((60g*10/盒)*8),3600,3600,False
10545633,【特美香】巧克力蛋糕(300g*16入),1760,1760,False
10545632,【特美香】黑糖蛋糕(300g*20入),1800,1900,False
10545625,【特美香】原味蛋糕(300g*16入),1760,1760,False
10545617,【特美香】黑糖蛋糕(300g*16入),1760,1760,False
10545616,【特美香】巧克力蛋糕(300g*20入),1800,1900,False
11147618,【大成食品】義式香草雞腿排(1包x1),55,120,False
7801521,【冷凍店取－料里長】生鮮全腿去骨嫩腿排(１９０±１０ｇ／包),54,84,False
7783866,【冷凍店取－大成食品】安心雞清胸肉(３００ｇ／包),85,99,False
7808957,【冷凍店取－勝崎生鮮】澳洲安格斯黑牛藍鑽雪花牛排(１００±１０％公克),59,129,False
11592617,【大成食品】青花椒雞腿排(190g/包),55,120,False
10981826,【冷凍店取-享吃美味】蒜味舒肥即食沙拉胸(100g±4.5g/包),45,79,True
10981838,【冷凍店取-享吃美味】香草舒肥即食沙拉胸(100g±4.5g/包),45,79,True
10981842,【冷凍店取-享吃美味】炙燒風味舒肥即食沙拉胸(100g±4.5g/包),45,79,False
7783869,【冷凍店取－大成食品】安心雞去骨清腿肉(３７５ｇ／包),123,140,False
11361701,【冷藏店取-金豐盛】古早味香滷嫩雞胸3包入(120g/包),176,207,False
11588317,【泓軒食品】鹹豬肉切片(醃)(200公克/包),69,99,False
10981825,【冷凍店取-享吃美味】油蔥風味舒肥即食沙拉胸(100g±4.5g/包),49,79,False
10981834,【冷凍店取-享吃美味】黑胡椒舒肥即食沙拉胸(100g±4.5g/包),49,79,False
10981837,【冷凍店取-享吃美味】原味舒肥即食沙拉胸(100g±4.5g/包),49,79,False
10981828,【冷凍店取-享吃美味】酒香舒肥即食沙拉胸(100g±4.5g/包),49,79,False
11361719,【冷藏店取-金豐盛】秘香椒麻嫩雞胸3包入(120g/包),176,207,False
10027592,【勝崎生鮮】澳洲帶骨小羊排(100±10%公克/片),69,239,False
10981835,【冷凍店取-享吃美味】椒麻舒肥即食沙拉胸(100g±4.5g/包),49,79,False
10981827,【冷凍店取-享吃美味】泰式舒肥即食沙拉胸(100g±4.5g/包),49,79,False
9632720,【冷凍店取-享吃美味】日式梅花里肌燒肉片(300g±15g/包),115,239,False
9433530,【冷凍店取-王品嚴選】法式香煎嫩鴨胸(230g/包),219,299,False
10981833,【冷凍店取-享吃美味】藥膳舒肥即食沙拉胸(100g±4.5g/包),49,79,False
11380902,【大成食品】重磅舒肥雞胸-泰式香檸(１７０±１０ｇ／包),85,99,False
10910001,【鮮肉王國】澳洲安格斯黑牛雪花牛排(100g±10%/包),79,149,True
9869172,【冷凍店取-王品嚴選 】王品嚴選義式香草雞胸(100g/包),79,109,False
11380908,【大成食品】重磅舒肥雞胸-黑胡椒湖鹽(１７０±１０ｇ／包),85,99,False
10981830,【冷凍店取-享吃美味】咖哩舒肥即食沙拉胸(100g±4.5g/包),49,79,False
11448976,【大成食品】冷凍清胸肉（馬鞍包）(2.7kg/6包/組),599,699,False
10964443,【大成食品】去骨雞腿(益活雞)(1盒x1),139,200,False
11370451,【大成食品】大成黑蜜豬五花火鍋肉片(200g/包)(效期至2026/08/20),139,200,False
10262267,【冷凍店取-王品嚴選 】王品嚴選紐西蘭鮮切沙朗牛排(160g/包),129,199,False
11463909,【大成食品】蒜香雞肉串(生)(200g/包(共4串))(效期至2026/07/17),129,250,False
9744234,【冷凍店取-享吃肉肉】國產特選豬梅花肉片(200g±5%/盒),109,229,False
11681058,【冷凍店取-享吃肉肉】紐西蘭菲力骰子牛(200g±10%/包),139,250,False
11361694,【西北食品】加拿大豬五花火鍋肉片(500g)(效期至2026/09/12),199,240,False
11666554,【大成食品】重磅舒肥雞胸-香菜風味(170±10g/包),85,149,False
8679602,【冷凍店取－享吃肉肉】美紐澳巴福利牛肉(５００ｇ±５％／包),199,309,False
10200600,【冷凍店取-享吃肉肉】特選美國藍帶嫩肩牛肉片(250g±10%/盒),179,259,False
11545874,【大成食品】鹽烤松阪豬(150g/包),199,290,False
11370461,【大成食品】大成黑蜜豬梅花火鍋肉片(200g/包),139,200,False
11361685,【石二鍋】石二鍋美國雪花牛肉片(200g/盒)(效期至2026/09/01),159,185,False
9106408,【冷凍店取-享吃美味】舒肥櫻桃嫩鴨胸(230gx1),289,499,False
11429305,【超秦肉品】超秦肉品山胡椒無骨雞腿(400±20g)(效期至2026/07/27),149,179,False
11549597,【強匠】五兩去骨雞腿排(160-200G)(效期至2026/09/02),79,99,False
10356468,【大戶屋】鹽麴雞腿排(200g),129,150,False
9669516,【冷凍店取-食安先生】特選草飼沙朗牛(100g/袋),88,120,False
10964447,【大成食品】翅中(益活雞)(1盒x1),155,220,False
10341105,【冷凍店取-將合群】日本和牛燒烤牛排(200gx1)(效期至2026/09/06),265,299,False
7786734,【冷凍店取—快樂大廚】美國雪花嫩肩牛排—組合肉100g/片,59,59,False
10087885,【享吃肉肉】PRIME美國特級板腱牛排(150g±10%/包),138,279,False
9069100,【冷凍店取-勝崎生鮮】紐西蘭銀厥PS極鮮嫩菲力牛排(100g±10%/1片*1包),109,179,False
7774362,【冷凍店取—愛上吃肉】美國藍帶特選嫩肩牛排(２００ｇ±１０％／包),155,309,False
11417816,【禧藏】日本黑毛和牛牛排 [腿肉](100g±10%),99,120,False
11362085,【冷藏店取-新東陽】三明治火腿(400g/盒),115,130,False
11124578,【廚鮮王】牛五花干貝卷(190g±5%),199,398,False
11772241,【樹森】紐西蘭頂級牛舌火鍋片(150g/盒)(效期至2026/08/13),179,200,False
10199556,【冷凍店取-享吃肉肉】國產特選豬五花肉片(200g±5%/盒),109,199,False
9998479,【冷凍店取-勝崎生鮮】美國總統級超大雪花沙朗牛排(450±10%公克/片),349,699,False
8187405,【冷凍店取－鮮肉王國】澳洲安格斯黑牛嫩肩牛排(１００ｇ±１０％／包),89,189,False
11681067,【冷凍店取-享吃肉肉】特選紐西蘭肋眼牛排(100g±5%/包),89,159,False
7789721,【冷凍店取—廚鮮王】美國板腱牛肉片150g±10%/盒,125,249,False
11485513,【大成食品】冷凍去骨清腿(馬鞍包)(2.7kg/6包/組),859,950,False
11449000,【樂佳】京都照燒雞膝軟骨(500g±10%),119,169,False
10564576,【大成食品】羅勒風味去骨清腿(單包)(375g),165,199,False
11545867,【廚鮮王】台灣去骨帶皮雞腿丁(250g±10%/包),125,169,False
11429308,【超秦肉品】超秦肉品花椒無骨雞腿(400±20g)(效期至2026/07/27),149,179,False
11361707,【冷藏店取-黑橋牌】極上豚厚切火腿2包(100g/包),155,170,False
10964445,【大成食品】里肌肉(益活雞)(1盒x1),179,250,False
10356472,【大戶屋】醃醬雞腿排(200g),129,150,False
10087873,【享吃肉肉】美國沙朗牛培火烤片(250g±5%/包),149,319,False
9486983,【冷凍店取-享吃肉肉】美國特選五花牛肉片(150g±10%)(效期至2026/09/15),129,199,False
7915583,【冷凍店取－愛上吃肉】西班牙頂級霜降松阪豬(200g±10%),189,299,False
11651087,【屏榮食品】黑晶萬巒豬腳(不含大骨)(800g(固形物600g)*1)(效期至2026/09/11),599,599,False
11417823,【禧藏】澳洲和牛雪花燒肉片(100g±10%),88,100,False
11361677,【石二鍋】石二鍋丹麥上選豬肉片(200g/盒)(效期至2026/08/23),149,175,False
11282427,【巨廚】鹹豬肉(300g),159,159,False
10964446,【大成食品】清胸肉(益活雞)(1盒x1),179,250,False
10521762,【KKLIFE】KKLife塔香湖鹽舒肥雞胸肉(130g±10g/包， 3包/袋),195,250,False
10341113,【冷凍店取-禧藏】澳洲和牛霜降骰子牛(100gx1),105,130,False
8173720,【冷凍店取－勝崎生鮮】澳洲日本種極鮮嫩Ｍ９＋和牛(壽喜燒片２００±１０％公克／１盒),239,479,False
11417799,【禧藏】澳洲和牛菲力嫩煎排(100g±10%),80,100,False
10706666,【興哥】興哥手工香腸-蒜頭(300G±5%),245,288,False
10434564,【大成食品】法系紅牌鹿野土雞骨腿((單支切塊) 400gx1),289,369,False
9744087,【冷凍店取-享吃肉肉】日本A5和牛漢堡排(組合)(200g/盒；2入/盒),145,290,False
8173718,【冷凍店取－勝崎生鮮】美國ＣＡＢ安格斯雪花牛培肉片(２００±１０％公克／１盒),139,279,False
11641120,【歡樂食族】黃金香蒜腿排(帶踝)(400g(200gx2入)/包),129,135,False
11529642,【禧藏】美國修清背肩牛排(100g±10%/包),95,120,False
11467502,【禧藏】澳洲經典和牛牛排(100g±10%),95,120,False
11467480,【禧藏】澳洲和牛沙朗牛排(150g±10%),155,199,False
11463920,【優鮮豚】特選梅花豬排(150g±4.5%/片),99,189,False
11452718,【漢克嚴選】澳洲穀飼溼式熟成牛排(120g±10%/片/包),129,172,False
11417745,【禧藏】日本F1雪凝燒肉片(100g±10%),99,120,False
11417736,【禧藏】日本熊本和牛牛排 [臀肉](100g±10%),99,120,False
11417722,【禧藏】日本F1霜降牛排 [腰肉](100g±10%),99,120,False
10760056,【享吃美味】爆汁雞肉捲(400g/包;5條/包),185,350,False
10341108,【冷凍店取-禧藏】澳洲和牛霜降肉片(100gx1),125,150,False
10041855,【冷凍店取-大成食品】紹興紅麴雞肉香腸(300g),169,219,False
8173736,【冷凍店取－勝崎生鮮】紐西蘭雪花羊火鍋肉片(２００±１０％公克／１盒),188,399,False
11681075,【冷凍店取-享吃肉肉】紐西蘭草飼特選牛舌(150g±10%/盒),279,499,False
11681074,【台灣香腸食品】台灣心肉丁香腸(原味)(200g/包),168,210,False
11662270,【廚鮮王】紐西蘭小羔羊肉塊(350g±10%/包),349,599,False
11641117,【歡樂食族】紐澳良風味腿排(帶踝)(400g(200gx2入)/包),129,135,False
11603389,【廚鮮王】台灣雪花豬排(120g±10%/包),65,99,False
11549595,【強匠－燒客】紐奧良骨腿(275g±25g/片),99,119,False
11417773,【禧藏】美國黑牛沙朗牛排(100g±10%),99,120,False
10964452,【大成食品】翅小腿(益活雞)(1盒x1),155,220,False
10760052,【肉董仔】黑胡椒牛柳(300±5%gx1),159,199,False
10434585,【大成食品】法系紅牌鹿野土雞里肌胸(300gx1),179,229,False
9632726,【冷凍店取-享吃肉肉】鮮嫩無骨雞腿排(225g±10%/包),85,140,False
9373049,【冷凍店取-勝崎生鮮】美國安格斯藍帶爆汁梅花骰子牛(200±10%g/包),149,319,False
7816028,【冷凍店取－勝崎生鮮】澳洲卡拉拉金牌和牛Ｍ９霜降牛排(２００±１０％公克)(效期至2026/09/10),269,539,False
11485525,【廚鮮王】美國安格斯Prime帶骨牛小排(200g±10%/包),230,350,False
11069023,【宅配-享吃肉肉】中秋烤肉小資海陸7件組(1.6kgx1),920,1380,False
10760059,【肉董仔】香滷小排丁(400±10%x1),159,199,False
10341112,【冷凍店取-將合群】日本A5和牛肉片(100gx1),210,250,False
9377038,【冷凍店取-勝崎生鮮】國產極品黑豚鮮嫩梅花火鍋片(200±10%g/盒),155,319,False
11651093,【蘇杭】無錫排骨(480gx1)(效期至2026/09/11),599,599,False
11421701,【朱記】諸事大吉獅子頭(1100公克（固形物重500公克）),429,429,False
11417760,【禧藏】澳洲和牛燉煮塊(500g±10%),288,350,False
10194096,【冷凍店取-揪人買海鮮】松阪豬(300gx1),269,329,False
9487006,【冷凍店取-享吃肉肉】美國頂級雪花翼板牛排(250g±10%/包),269,480,False
8810322,【冷凍店取—約克街肉舖】台灣國產嚴選雞中翅(500公克±10％/包),219,299,False
11452716,【達人傳家】麻辣花生(純素)(250g/罐*12罐),1642,1860,False
11421699,【朱記】好運連連櫻花蝦油飯(600g),429,429,False
11350718,【這一鍋嚴選】燒肉同話-伊比利豬松板(400g/包),499,550,True
10899274,【白沙屯媽祖】小資平安拜拜13件組(13件/組(內容詳見商品頁)),799,899,False
10821088,【冷凍店取-享吃肉肉】巨無霸霜降牛排(16oz)(450g±10%/片(16盎司)),359,739,False
10706660,【興哥】興哥手工香腸-黑胡椒(300G±5%),245,288,False
10639194,【廚鮮王】澳洲M9和牛菲力牛排(120g±10%/包),159,318,False
10434569,【大成食品】法系紅牌鹿野土雞胸(300gx1),179,229,False
10322839,【冷凍店取-廚鮮王】台灣精選太空鴨(1.9kg±10%/隻),499,799,True
10087864,【享吃肉肉】頂級安格斯無骨牛小排(200g±10%/包),359,720,False
9377039,【冷凍店取-勝崎生鮮】國產極品黑豚霜降五花火鍋片(200±10%g/盒),155,319,False
11236020,【冷藏店取-永順興】喜選動福蛋(540g/10顆/盒),89,120,False
9818755,【冷凍店取-瓜瓜園】冰烤蕃薯1kg(包)(1kg/包),199,263,True
11399081,【冷藏店取-玉美】綜合生菜絲(100g/包),39,50,False
11598589,【冷凍店取-享吃美味】鮮凍毛豆仁(200g±4.5%/包),55,126,False
11436624,【瓜瓜園】66紅心冰烤蕃薯(1kgx1),199,249,True
11337471,【冷藏店取-玉美】履歷去殼玉米筍(100g/包),39,49,False
10373529,【炳叔】水煮玉米(200g±10%/支(可食用部份100g±10%)),39,49,False
11476159,【冷凍店取-地瓜研製所】栗香皇后地瓜(400gx1),119,149,False
10799226,【禎祥】毛豆(1kgx1/包),115,130,False
11617295,【冷藏店取-福和】紅心芭樂2入(600g/袋),79,129,False
10909982,【祥亮】冷凍菠菜(1000g/包),119,159,False
11399077,【冷藏店取-玉美】有機黑美人菇(120g/包),39,45,False
9839433,【冷凍店取-揚振】青花菜(500gx1),89,109,False
8712782,【冷凍店取－天時莓果】冷凍野生藍莓(４００ｇ),229,229,True
11333743,【冷藏店取-中華食品】中華非基改火鍋豆腐(300g/盒*2),38,46,False
10910008,【祥亮】冷凍白花菜(1000g/包),99,119,False
11421143,【冷藏店取-玉美】鮮切南瓜(200g/包),39,49,False
11471267,【Fami煮煮】酪梨果昔包(1包X1),49,49,False
11581017,【Fami煮煮】藍莓桑葚果昔包(1包X1),59,59,False
11337498,【冷藏店取-玉美】台灣綠竹筍真空包(250g/包),139,199,False
11333750,【冷藏店取-中華食品】中華非基改超嫩豆腐(300g/盒*3),54,69,False
9599072,【冷凍店取-金山藷童瑤】冰烤栗香地瓜(250g/包),100,110,False
11781767,【福和-宅配】三光五月桃水蜜桃禮盒(1.1kg/10入/盒),999,1099,False
11471266,【Fami煮煮】綠拿鐵果昔包(1包X1),49,49,False
11476158,【冷凍店取-地瓜研製所】楓紅烤藷(500g x1),119,149,False
7781886,【冷凍店取—食安先生】鮮凍綠花椰菜(５００ｇ／包),99,120,False
11337487,【冷藏店取-玉美】履歷櫛瓜(400g/包),89,99,False
11333786,【韓玉宅】火鍋專用嫩豆腐(320g/條),49,65,False
10588512,【冷藏店取—好菇道】(免)鴻禧菇(１００ｇ／包，３入),89,117,False
11581014,【Fami煮煮】三果戀曲果昔包(1包X1),49,49,False
11337468,【冷藏店取-玉美】履歷牛番茄(300g/包),55,69,False
11341152,【冷藏店取-福和】珍珠芭樂2入(600g),79,129,False
11337458,【冷藏店取-玉美】有機鮮香菇(100g/包),43,55,False
11399076,【冷藏店取-玉美】有機青江菜(210g/包),35,39,False
11677276,【冷藏店取-福和】澳洲綠無籽葡萄(400g/盒),169,199,False
11337489,【冷藏店取-玉美】履歷敏豆(200g/包),56,65,False
9486990,【冷凍店取-享吃鮮果】鮮凍秋葵(200g±10%/包),59,99,False
11337463,【冷藏店取-玉美】高山高麗菜(500g/包),55,69,False
11738940,【冷藏店取-福和】百香果(600g/袋),129,179,False
10588508,【冷藏店取—玉美】(免)有機貝比生菜(１２０ｇ／盒),169,199,False
11581015,【Fami煮煮】陽光纖活蔬果果昔包(1包X1),49,49,False
11337475,【冷藏店取-福和】巨峰葡萄(400g/盒),109,149,False
11399075,【冷藏店取-玉美】有機杏鮑菇(150g/盒),50,55,False
8712783,【冷凍店取－天時莓果】冷凍黑醋栗(４００ｇ),229,229,True
9632724,【冷凍店取-享吃鮮果】鮮凍切段玉米筍(200g±4.5%/包),45,45,False
7781802,【冷凍店取—食安先生】鮮凍菠菜(５００ｇ／包),99,120,False
11333764,【冷藏店取-中華食品】中華板豆腐(345g/盒*3),99,135,False
10909979,【DArta】四季豆(1000g/包),129,169,False
7781739,【冷凍店取—食安先生】鮮凍玉米筍(５００ｇ／包),109,130,False
11581018,【Fami煮煮】芒果酪梨果昔包(1包X1),69,69,False
11410515,【冷藏店取-福和】聖女番茄,99,120,False
11337491,【冷藏店取-玉美】玉美蜜蜀黍2入組(200g*2入/包),95,109,False
11033187,【GREENS】綜合炒蔬菜(1kgx1),169,219,False
11581016,【Fami煮煮】陽光莓果果昔包(1包X1),59,59,False
11577359,【冷藏店取—玉美】芝麻葉(80g),145,169,False
11399078,【冷藏店取-玉美】有機空心菜(210g/包),35,39,False
10588500,【冷藏店取—福和】(免)元氣綜合水果袋(１３００ｇ／袋),189,219,False
7781744,【食安先生】鮮凍秋葵(５００ｇ／包),109,130,False
11399072,【冷藏店取-玉美】有機小白菜(210g/包),35,39,False
10588520,【冷藏店取—玉美】(免)履歷牛蕃茄(１１００ｇ／盒),189,249,False
11399079,【冷藏店取-玉美】有機貝比生菜100g(100g/盒),145,169,False
11362072,【冷藏店取-總統牌】軟質原味乾酪(140g/盒)(效期至2026/09/11),130,155,False
11718552,【冷藏店取-福和】台灣木瓜(900g/袋),120,149,False
11289271,【冷藏店取-總統牌】三明治切片乾酪(200g/包),99,130,False
10588518,【冷藏店取—好菇道】(免)雪白菇(１００ｇ／包；３入),89,117,False
10588503,【冷藏店取—玉美】(免)履歷去殼玉米筍(６００ｇ／盒),229,252,False
11463884,【安佳】較低脂乳酪24片(500g/包),196,258,False
11337480,【冷藏店取-玉美】履歷小黃瓜(300g/包),62,79,False
11333772,【韓玉宅】火鍋專用板豆腐(300g/盒),39,52,False
10588532,【冷藏店取—玉美】(免)產銷履歷紅蘿蔔(１０００ｇ／包，２包／箱),99,110,False
8896793,【祕魯】冷凍酪梨片(500公克),259,320,False
8896792,【祕魯】冷凍酪梨塊(500公克),259,320,False
11738937,【冷藏店取-福和】紐西蘭皇后富士蘋果,95,149,False
11399074,【冷藏店取-玉美】有機黑葉白菜(210g/包),35,39,False
11781613,【廚鮮王-宅配】屏東嚴選愛文芒果,854,1999,False
11699767,【冷藏店取-福和】珍珠芭樂5斤(3kg/箱),330,399,False
11617298,【冷藏店取-福和】台灣檸檬(500g/袋),129,199,False
11399073,【冷藏店取-玉美】有機黑木耳(100g/包),40,45,False
8179614,【冷凍店取－EZCHEF】餐餐好蔬米粒狀花椰菜(６８０ｇ／袋),140,200,False
11738935,【冷藏店取-福和】智利啤梨(600g/袋),129,179,False
11699769,【冷藏店取-福和】紐西蘭富士蘋果(650g/袋),99,149,False
11641108,【冷藏店取-福和】美濃瓜2入(600g/盒),95,169,False
11471265,【Fami煮煮】蘋果鳳梨果昔包(1包X1),49,49,False
10588533,【冷藏店取—玉美】(免)產銷履歷小黃瓜(１０００ｇ／盒),219,299,False
8712780,【冷凍店取－天時莓果】冷凍黑莓(４００ｇ),229,229,False
11471269,【Fami煮煮】鳳梨火龍果果昔包(1包X1),49,49,False
11463898,【廚鮮王-果農直配】南投埔里香甜百香果(10斤±10%箱),599,1550,False
11337462,【冷藏店取-玉美】有機金針菇(200g/包),25,35,False
11399080,【冷藏店取-玉美】即食玉米筍優惠組(100g*2包),145,209,False
11341161,【冷藏店取-安佳】頂級大師專用乳酪絲(300g/包),149,187,False
9744156,【冷凍店取-享吃鮮果】鮮凍青花菜(200g±10%/包),49,109,False
11719024,115/05/23起陸續出貨【挑果子-宅配】高雄大樹鄉玉荷包3斤(1800gx1),859,1000,False
11677268,【冷藏店取-福和】金鑽鳳梨杯(400g/盒),89,120,False
11337500,【冷藏店取-玉美】玉米筍（即食）(50g/包),49,65,False
11337496,【冷藏店取-玉美】極上金栗地瓜（即食）(100g/包),65,89,False
9218381,【冷凍店取-廚鮮王】切段鮮凍玉米筍(200g±10%/包),75,75,False
8712786,【冷凍店取－天時莓果】冷凍蔓越莓(４００ｇ),229,229,False
11790880,【廚鮮王-宅配】台灣嚴選綠肉哈密瓜,449,799,False
11699770,【冷藏店取-福和】紐西蘭DAZZLE富士蘋果(600g/袋),155,199,False
11485533,【冷藏店取-福和】祕魯綠無籽葡萄400g(400g/盒),199,249,False
11337481,【冷藏店取-玉美】履歷青蔥(100g/包),39,49,False
11337474,【冷藏店取-玉美】履歷紅蘿蔔(270g/包),35,49,False
11337466,【冷藏店取-玉美】履歷台東老薑(200g/盒),49,59,False
8650202,【冷凍店取－金榮】冷凍蘇丹王榴槤果肉(４００ｇ／盒)(效期至2026/06/30),570,699,False
11738925,【冷藏店取-福和】紐西蘭黃金奇異果原裝箱,985,1099,False
11738924,【冷藏店取-福和】紐西蘭黃金奇異果,155,199,False
11666555,【冷藏店取-福和】網狀哈密瓜(1200g*1粒),240,299,False
11699296,【冷藏店取-福和】美濃瓜5斤(3kg/箱),399,499,False
11666556,【冷藏店取-福和】美國砂糖橘(600g/袋),165,205,False
11502417,【冷藏店取-玉美】迷你香芋(500g/包),149,199,False
11463922,【阿丹】嫩筍絲(300g/包),109,159,False
11761768,【冷藏店取-福和】仲夏芒芒愛文芒果禮盒(3000g/約6-10粒/盒),999,1199,False
11731001,115/05/26起陸續出貨【挑果子-宅配】美國空運藍莓6入禮盒(125gx6入裝),950,1150,False
11665743,【好鮮田-宅配】銷日小蜜鳳梨禮盒(2.5kg／箱（2-3顆）),459,600,False
11641115,【冷藏店取-福和】美國空運酪梨3入(600g/袋),339,399,False
11485559,【冷藏店取-福和】祕魯綠無籽葡萄1kg(1000g/盒),499,549,False
11337497,【冷藏店取-玉美】履歷蒜球(40g/包),29,39,False
11337492,【冷藏店取-福和】截切綜合水果盒(800g/盒),195,249,False
8794952,【冷凍店取－金榮】冷凍貓山王榴槤果肉(４００ｇ／盒),920,1200,False
11761762,【朋泉-宅配】朋泉愛文芒果,649,799,False
11738938,115/05/21起陸續出貨【宅配-享吃鮮果】台灣鮮採水蜜桃10入/箱(10入裝/1kg±10%/箱),1088,1599,False
11718556,【冷藏店取-福和】紐西蘭富士蘋果禮盒(1600g/8入/盒),520,699,False
11617305,【冷藏店取-福和】金鑽鳳梨(1.5kg/袋),129,199,False
11617303,【冷藏店取-福和】小玉西瓜(3kg/箱),199,249,False
11194365,【冷藏店取-福和】(免)3KG季節水果箱(3kg/箱),599,799,False
10618358,【廚鮮王-宅配】(免)10斤鮮採帝王芭樂(10斤±10%/箱(含箱重)),1050,1450,False
10598101,【廚鮮王-宅配】(免)5斤台農57號黃金地瓜(5斤±10%/箱(含箱重)),428,699,False
10588522,【冷藏店取—玉美】(免)產銷履歷水果玉米(５ＫＧ／箱),599,699,False
11790873,【馥威-宅配】紐西蘭樂淇蘋果6桶原裝箱(586g/7-9顆/桶),1920,2304,False
11761767,【寅食3 a.m.】宅配-加州空運紅櫻桃禮盒(9.5R/1kg x 1禮盒(附提袋)),1480,1980,False
11761765,【寅食3 a.m.】宅配-越南金枕頭榴槤單顆禮盒(單顆1.5kg x 1禮盒),1650,2150,False
11738936,115/05/21起陸續出貨【宅配-享吃鮮果】台灣鮮採水蜜桃8入/箱(8入裝/1kg±10%/箱),1188,1799,False
11718576,【冷藏店取-福和】美濃瓜禮盒(2000g/6顆/盒),520,699,False
11718572,【寅食3 a.m.】宅配-美國香甜多汁肚臍丁(72規16粒 x 1箱),780,899,False
11718551,【寅食3 a.m.】宅配-紐西蘭炫麗蘋果禮盒(80規大果/11粒 /盒),699,799,False
11641119,【北農嚴選-宅配】蓮霧禮盒(12入)(1.5KG±5%/12入/盒),1145,1587,False
11641103,【北農嚴選-宅配】巨峰葡萄禮盒(2.4KG±5%/6入/盒),1495,2095,False
11641099,【冷藏店取-台鮮】紐西蘭炫麗蘋果禮盒(1.5公斤±5%/6粒/盒),539,770,False
11641097,【廚鮮王-宅配】美國肚臍丁,750,1250,False
11641094,【廚鮮王-宅配】產銷履歷金鑽鳳梨,399,599,False
11641087,【廚鮮王-宅配】美國砂糖橘,679,1179,False
11595762,【冷藏店取-福和】截切芭樂超值盒(800gx1),249,299,False
11488914,【冷藏店取-福和】截切富士蘋果超值盒(800g/盒),215,276,False
11463925,【寶宏】橘切達乾酪(200g/包),169,186,False
11143505,【福業-宅配】有機蔬菜箱(4.3KG±5%/箱),799,899,False
10721472,【冷藏店取-福和】台灣網紋哈密瓜2入禮盒(3600gx1),660,899,False
10618380,【廚鮮王-宅配】(免)5斤鮮採帝王芭樂(5斤±10%/箱(含箱重)),599,990,False
10618371,【廚鮮王-宅配】(免)5斤粉紅芭樂(5斤±11%/箱(含箱重)),599,799,False
10598105,【廚鮮王-宅配】(免)5斤66號紅心地瓜(5斤±10%/箱(含箱重)),428,699,False
10598093,【廚鮮王-宅配】(免)10斤66號紅心地瓜(10斤±10%/箱(含箱重)),649,988,False
10598091,【廚鮮王-宅配】(免)10斤台農57號黃金地瓜(10斤±10%/箱(含箱重)),649,1180,False
10588498,【冷藏店取—玉美】(免)產銷履歷老薑(８００ｇ／包),139,189,False
10480607,【廚鮮王-宅配】(免)10斤黑寶紫水果玉米(10斤±10%/箱(含箱重)),844,1200,False
10480606,【廚鮮王-宅配】(免)5斤黑寶紫水果玉米(5斤±10%/箱(含箱重)),545,900,False
10480599,【廚鮮王-宅配】(免)5斤斑比彩虹甜糯玉米(5斤±10%/箱(含箱重)),480,850,False
10480588,【廚鮮王-宅配】(免)10斤斑比彩虹甜糯玉米(10斤±10%/箱(含箱重)),714,1100,False
10421612,【旗美農產-宅配】(免)黑糖芭比蓮霧大果-10斤(6KG±10%/箱(10台斤)),2099,2599,False
10421607,【旗美農產-宅配】(免)黑糖芭比蓮霧大果-5斤(3 KG±10%/箱(5台斤)),1300,1700,False
11811309,【寅食3 a.m.】宅配-加州空運水蜜桃原裝箱(20粒/4KG x 1箱),2600,2800,False
11811302,【寅食3 a.m.】宅配-枋山枋寮外銷級愛文芒果(18規/5kg x 1原裝件),1350,1500,False
11790878,【馥威-宅配】紐西蘭樂淇蘋果12管原裝箱(424g/4顆/管),2650,3180,False
11781726,【禾ME-宅配】光合茵愛文芒果禮盒(3kgx1),749,1500,False
11781636,【廚鮮王】屏東嚴選愛文芒果,1514,2580,False
11761771,【寅食3 a.m.】宅配-4盒加州空運紅櫻桃禮盒(9.5R/1KG /盒 *4盒(附提袋)),5120,5620,False
11761763,【寅食3 a.m.】宅配-2盒越南金枕頭榴槤禮盒(單顆1.5kg x 2盒),2998,3498,False
11738934,115/05/21起陸續出貨【宅配-享吃鮮果】台灣鮮採水蜜桃6入/箱(6入裝/1kg±10%/箱),1288,1999,False
11641118,【北農嚴選-宅配】帝王芭樂禮盒(3KG±5%/8入/盒),1195,1515,False
11641083,【北農嚴選-宅配】蓮霧禮盒(20入)(2.5KG±5%/20入/盒),1645,2312,False
11361693,【挑果子-宅配】4盒日本蜜富士蘋果禮盒(1500g±5%/6入/盒*4盒),3200,3600,False
11361665,【挑果子-宅配】日本蜜富士蘋果禮盒(1500g±5%/6入/盒),950,1200,False
11194364,【冷藏店取-福和】(免)5KG季節水果箱(5kg/箱),899,1299,False
10681870,【福和-冷藏店取】紐西蘭金圓頭奇異果12入禮盒(1.8kgx1),820,1150,False
10466382,【旗美農產-宅配】(免)黑糖芭比蓮霧中果-5斤(3 KG±10%/箱(5台斤)),1180,1500,False
10421611,【旗美農產-宅配】(免)黑糖芭比蓮霧中果-10斤(6KG±10%/箱(10台斤)),1700,1850,False
10392051,【大成食品】大成黃金脆皮雞腿排(210g),55,140,False
10345876,【大成食品】大成中一排骨(135g/包),49,100,False
7787733,【冷凍店取—總舖獅】蠔油粉絲煲(２２５克／包),45,75,False
7740621,【新市農會】原味毛豆(４００ｇ／包),60,79,False
9454209,【冷凍店取—品恆昇】冰烤地瓜(1000G/包),149,185,False
7801519,【大成食品】檀島豬扒(95g/包),65,129,False
9538690,【大成食品】蜜汁雞腿排(190G±4.5%/包)(效期至2026/09/17),55,120,False
7740620,【新市農會】芋香茶豆(３００ｇ／包),50,69,False
7801523,【冷凍店取－大成食品】經典原味雞胸肉(９０ｇ／包),49,100,False
8083674,【雙月食品社】雙月愛恨椒芝麵(２１８公克),49,59,False
8896791,【泓軒食品】泰式綠咖哩翅包飯(120gx1),49,75,False
10392038,【大成食品】大成塔塔酥(日式鮪魚玉米)(140g),39,69,False
9538691,【大成食品】咖哩雞腿排(190G±4.5%/包),55,120,False
7811933,【大成食品】經典蒜辣雞胸肉(９０ｇ／包),49,100,False
8083675,【雙月食品社】雙月愛恨蔥蔥麵(２２０公克)(效期至2026/09/11),49,59,False
9623989,【冷凍店取-樂廚】爆蔥抓餅(840g(6片)/包),75,75,False
10431409,【冷凍店取-炳叔】炳叔烤玉米(原味)(200g±10%/支(可食用部份140g±10%)),70,70,False
11666777,115/06/03起陸續出貨【十八王公劉家】蛋黃粽(3入)(180g*3入/包),230,299,False
9048816,【美式賣場】紅龍雞塊(600gx1),129,129,False
7779991,【冷凍店取-神農良食】黑胡椒-上班這檔事推薦-神農獎毛豆(400g/包),69,120,False
8158544,【冷凍店取—海揚鮮物】滿滿蝦仁月亮蝦餅(２４０ｇ±１０％),125,179,False
11781679,115/06/12起陸續出貨【林貞粿行】客家粿粽-客家肉燥菜脯粿粽(300g/3入/盒),245,258,False
11047562,【美式賣場】紅龍冷凍雞肉捲 (220gx1),75,75,False
10170546,【桂冠食品】桂冠香菇貢丸(383gx1),134,150,False
9159219,【冷凍店取-台灣卜蜂】肉絲蛋炒飯(230G±10%/包),45,55,True
10431412,【冷凍店取-炳叔】炳叔烤玉米(綜合)(200g±10%/支(可食用部份140g±10%)),70,70,False
11613361,【石二鍋】石二鍋百搭好朋友(304g/包),199,245,False
8608457,【桂冠】芝麻小湯圓(２００ｇ／盒),79,89,False
11362090,【欣手藝】老滷鴨舌頭(80g±4.5/包x1)(效期至2026/09/11),145,189,False
10981831,【冷凍店取-享吃美味】海鹽舒肥即食沙拉胸(100g±4.5g/包),49,79,False
11417715,【花蓮公正肉包】花蓮公正包子(50g*10顆/包),159,189,False
10238199,【桂冠】爆汁三杯海鮮丸(250gx1),119,150,False
9319893,【冷凍店取-ＳＯ　ＨＯＴ炎選】燻烤蝴蝶棒腿(200gx1),49,49,False
8031402,【泓軒食品】醬燒厚切里肌豬排(3片)(３００克／包),80,80,False
9524694,【大成食品】極厚酥炸日式豬排(150G/包),79,149,False
8608460,【桂冠】紫糯花生湯圓(２００ｇ／盒),69,79,False
7786381,【冷凍店取－田家】田家千層蔥餡拉餅(１１０ｇ／片，４４０ｇ／盒),109,130,False
9418220,【冷凍店取—蔥阿伯】家鄉味牛肉餡餅(450G/包),120,180,False
7915584,【冷凍店取－愛上美味】輕采養生藜麥毛豆(２００ｇ／包),99,159,False
7779996,【冷凍店取-神農良食】薄鹽-上班這檔事推薦-神農獎毛豆(400g/包),69,120,False
9720305,【冷凍店取-宏裕行】古早味八寶卷(300g/盒),169,189,False
9283045,【冷凍店取-披薩市】薄皮5吋黃金夏威夷米披薩(90g±4.5%),45,100,False
9532021,【大戶屋】牛肉壽喜燒(170gx1),109,109,False
8133529,【義美】義美鮭魚炒飯(２７０ｇ),60,79,False
8133528,【義美】義美蝦仁炒飯(２７０ｇ),60,79,False
8243954,【河小田】日式手做和牛漢堡排(１００ｇ±4.5％／片),69,69,False
11682212,【呷七碗】頂級北部粽(840±15公克 (210公克×4份)),370,450,True
10238237,【桂冠】筍香水晶餃(250gx1),119,150,True
9159218,【冷凍店取-台灣卜蜂】雞肉玉米蛋炒飯(230G±10%/包),45,55,False
11781744,115/06/12起陸續出貨【林貞粿行】一抹紅月-白玉抹茶紅豆粿粽(240g/3入/盒),245,258,False
11723150,115/06/08起陸續出貨【南園】純鹼粽(3顆入)(120gx3),179,200,False
11236009,【冷藏店取-益康】柚香水蘿蔔(320g/罐),165,165,False
9018147,【冷凍店取-呷七碗】古早味油飯(５５０±１５公克),120,180,False
8149431,【冷凍店取－料里長】懷舊古早味排骨(４５０ｇ／５片／包),195,295,False
7780107,【冷凍店取-蔥阿伯】冠軍蔥抓餅5片(共600g),79,79,False
8826156,【冷凍店取-樂廚】煙燻無骨鳳爪(200g/包),89,129,False
7915576,【冷凍店取－愛上美味】日式椒鹽舒肥雞胸隨手包(１００ｇ±１０％／包),59,109,False
10341110,【寒舍】寒舍港式雙響蘿蔔糕(1000g/(10片/包)),149,179,False
10079741,【KKLife】KKLife印度奶油咖哩雞(220g/包(固形量90±5g)),125,150,False
8679616,【冷凍店取—樂廚】十三香去骨雞腿排(２００ｇ±１０％／包),65,65,False
9472080,【冷凍店取-總舖獅】大王滷雞腿(160克/包),45,45,False
9169222,【冷凍店取-青花驕】青花椒香麻辣寬粉(223gx1),59,59,False
11723133,【巨廚】經典北部香菇肉粽(90g*5顆),235,399,False
9159220,【冷凍店取-台灣卜蜂】培根蛋炒飯(230G±10%/包),45,55,False
9072913,【金園排骨】金饌雞腿(240g±5%),155,165,False
8679611,【冷凍店取—樂廚】韓式去骨雞腿排(２００ｇ±１０％／包),65,65,False
11417739,【韓馨巧】韓馨巧-韓式炸醬包(500g/包),175,195,False
10598514,【金園排骨】厚切里肌(500g±2%/包),250,280,False
8031403,【泓軒食品】香酥無骨椒麻雞丁(３００克／包),65,65,False
11460010,【蔥阿伯】呷雄霸-千層拔絲抓餅(1400g),129,155,False
10087840,【紅龍】紅龍香檸雞柳條(500g),105,129,False
9283038,【冷凍店取-披薩市】薄皮5吋義大利海鮮米披薩(90g±4.5%),45,100,False
8683497,【桂冠】麻油雞炒飯(２７５ｇ／盒),65,65,False
11245147,【冷藏店取-元進莊】冰糖醬鴨翅2入(90g/包×2包入),99,138,False
11723146,【易牙居】荷香糯米捲(6入組)(80gx6),299,350,False
10080147,【冷凍店取-泓軒食品】爆漿雞腿捲(生)(270g/3條/包),99,189,False
10506028,【大成食品】胡椒雞翅(1包x1),179,199,False
9283053,【冷凍店取-披薩市】薄皮5吋經典瑪格麗特米披薩(90g±4.5%),45,100,False
8826157,【冷凍店取-樂廚】川味煙燻鳳爪(200g/包),89,129,False
8679612,【冷凍店取—樂廚】蔥燒去骨雞腿排(１９０ｇ±１０％／包),65,65,False
11485566,【大成食品】美式紐奧良烤翅中(300g/包),145,250,False
11417729,【韓馨巧】韓馨巧-韓國魚板(300g/包),165,185,False
10061216,【冷凍店取-宏裕行】花枝月亮蝦餅(200g/包),149,179,False
10374233,【冷凍店取-享吃美味】川味滷小豆干(200g±5%/包),79,159,True
9409529,【冷凍店取-原燒】奶香鮭魚炒飯(216gx1),59,59,False
8133530,【義美】義美蕃茄肉絲蛋炒飯(２７０ｇ),60,79,False
7782551,【冷凍店取—愛上鮮果】冰烤紫御地瓜(250g±10%/包),99,159,False
10392043,【大成食品】台灣豬極厚排骨(250g),120,199,False
10392041,【呷七碗】傳統炒炊粉(550g±15g/包),120,180,False
9169215,【冷凍店取-青花驕】青花椒麻川香醬拌麵(256gx1),59,59,False
11022698,【宏裕行】飛魚卵花枝蝦餅(200g),179,189,False
10374216,【冷凍店取-享吃美味】川味滷雞心(100g±5%/包),79,159,False
9572548,【樂點子】酥炸杏鮑菇(500gx1),109,179,False
7780337,【冷凍店取—蔥阿伯】波霸蔥肉餡餅(75g*10顆/包),115,279,False
10238241,【紅龍】紅龍美式脆薯(500±20g),135,169,False
8679613,【冷凍店取—樂廚】椒鹽去骨雞腿排(２００ｇ±１０％／包),65,65,False
8143492,【快樂大廚】梅干扣肉(２５０公克／包　),99,200,False
11682213,【呷七碗】國宴干貝粽(840±15公克 (210公克×4份)),465,560,False
11538073,【西井村蜂蜜滷味】剁椒肉燥(200ｇ)(效期至2026/08/25),109,109,False
9454201,【冷凍店取-宏裕行】花枝蝦排(300g/盒),220,239,False
8031412,【泓軒食品】紅麴無骨排骨酥(３００克／包),59,70,False
10994911,【龐德】龐德冷凍紅豆煎餅(480g/(4片入))(效期至2026/08/21),125,145,False
9283040,【冷凍店取-披薩市】薄皮5吋野菇燻雞米披薩(90g±4.5%),45,100,False
9036943,【冷凍店取—蔥阿伯】招牌拔絲蔥抓餅(1400g/10片/包),159,250,False
8994460,【興達港歐董】花枝蝦排(540g/12片/包；醬包25g*2包),270,480,False
8553279,【義美】義美香腸蛋炒飯(２７０ｇ),60,79,False
11206671,【寧夏鴻記】韓式辣醬炒麵(300g/盒(麵體180g+醬汁120g)),130,150,False
9081692,【冷凍店取-大成食品】大成?滋酥脆雞腿排(210公克/包),89,140,False
7793023,【冷凍店取－大成食品】田園雞肉蔥油餅(７００ｇ／５片／包),95,150,False
11781615,115/06/11起陸續出貨【養心茶樓】典藏猴菇板栗粽(900公克±1.5%/盒(5入裝)),580,599,False
11414440,【美式賣場】冷凍極品花雕雞(1200g*1)(效期至2026/09/08),639,639,True
10681866,【禾圃原】古早味蔥油餅(500g±5%/包/共5入),109,129,False
10374226,【冷凍店取-享吃美味】川味滷雞胗(100gx1),79,159,False
11214672,【我家牛排】我家牛排蘑菇肉醬鐵板麵3入裝((麵150g、蘑菇醬145g)*3),178,199,False
10994909,【龐德】龐德冷凍韭菜拉餅(550g/(5片入)),90,125,False
8826160,【冷凍店取—樂廚】天使雞腿排（４入）(400g土10%/包),125,125,False
11276535,【EZCHEF】秘製鴨翅(100g(2入)),49,59,False
9524667,【冷凍店取-bb.q】雜菜冬粉(195gx1),69,69,False
8683502,【桂冠】青醬蛤蜊義大利麵(３２０ｇ／盒),59,79,False
7915582,【冷凍店取－愛上美味】私房麻油粉肝(２００ｇ±５％／包),99,159,False
7915573,【冷凍店取－愛上美味】香草檸檬風味舒肥雞胸隨手包(１００ｇ±１０％／包),59,109,False
11417752,【韓馨巧】韓馨巧-德式香長(600g/包),260,280,False
11361726,【冷藏店取-金豐盛】蒜香紐奧良風味雞Ｑ丸3包入(105g/包),140,165,False
10535017,【紅龍】原味搖搖雞球(500g/包),115,139,False
8994462,【興達港歐董】月亮花枝蝦餅(480g/2片/包),240,450,False
8176712,【冷凍店取－海揚鮮物】滿滿魚子香酥柳葉魚(３００ｇ±１０％／盒),129,149,False
11577366,【大成食品】酥炸香脆雞(500g/包),169,250,False
9454202,【冷凍店取-宏裕行】蛋黃芋丸(400g/10粒/盒),180,220,False
9283055,【冷凍店取-披薩市】薄皮5吋地中海纖蔬米披薩(90g±4.5%),45,100,False
8806930,【冷凍店取—快樂大廚】黑胡椒牛柳(包),68,150,False
8501731,【泓軒食品】十三香熟烤翅小腿(１８０克／包),49,75,False
8243953,【冷凍店取－河小田】河小田日式手做豬肉漢堡排(100g±4.5% /片),59,120,False
7786387,【冷凍店取－田家】田家千層蘿蔔絲拉餅(１１０ｇ／片，４４０ｇ／盒),109,130,False
7786003,【冷凍店取—愛上鮮果】澎湖味手工花枝丸(300g±5%),95,159,False
7773996,【禾圃原】厚片蔥油餅(450g±5%/包/共3入),109,120,False
11485524,【大成食品】美式酥炸雞柳條-原味(450g/包),179,250,False
10405149,【永豐餘】紅燒獅子頭(550g/包(固形量:200公克)),199,299,False
11666767,【紅豆食府】甜心冰粽組(60g*9入/盒【心太軟(紅豆麻糬)*3+脆酷花生*3+奶茶波霸風味*3】),495,520,False
11538068,【富美】海鮮羹(600g土5%(固形物:260g土5%) ),169,199,False
10286652,【冷凍店取-李記食光】冰糖老滷豬腳切片(450gx1),200,250,False
8187429,【朱記】招牌手工蔥油餅(１７０ｇ＊５片／袋),157,199,False
7775016,【冷凍店取—宏嘉】頂級花枝干貝丸280g/包,150,190,False
11772226,【南門市場立家】湖州蛋黃鮮肉粽(200g*5入/盒),445,599,False
11666765,115/06/03起陸續出貨【十八王公劉家】山海干貝粽（4入）(180g*4入/包),399,450,False
10259347,【KKLife】KKLife美式起司雞肉捲(180±10g),75,89,False
9377045,"【冷凍店取-紅龍】原味多汁炸雞腿(120±10g/支, 5支/袋)",205,299,False
9373064,【冷凍店取-大成享點子】麻辣鴨翅(500gx1)),239,299,False
9245527,【冷凍店取-台灣卜蜂】黃金雞腿酥(400g/包),139,219,False
8553277,【義美】義美夏威夷炒飯(２７０ｇ),60,79,False
7915565,【冷凍店取－西井村】雞爪凍(１５０ｇ／包)(效期至2026/07/15),55,139,False
7780357,【冷凍店取—總舖獅】來酷客—蕃茄肉醬義大利麵(320克/包),79,130,False
11723141,115/06/08起陸續出貨【南園】湖州鮮肉蛋黃粽(葷)(4顆入)(180gx4),399,500,False
11235973,【冷藏店取-浤良】金牌功夫三色蛋(150g/包),69,69,False
11086370,【冷凍店取-卡迪】冰烤地瓜(360gx1),79,149,False
10540528,【王品嚴選】 頂級桃木燻鴨胸(300g/盒),459,459,False
10079733,【紅龍】紅龍香檸烤雞翅(500g),165,199,False
8516344,【冷凍店取—樂廚】椒鹽雞柳條(２５０ｇ±１０％／包),100,135,False
7767638,【樂廚】蒜頭雞肉香腸(300g±10%/包),110,139,False
11723149,115/06/08起陸續出貨【冊子】海陸雙味粽禮盒(5顆入)(180gx5),699,990,False
11651091,【海揚鮮物】秋刀魚甘露煮(250g±10%),110,139,False
11460013,【養心茶樓】泰式檸香打拋朱(200g±4.5%/盒),120,169,False
11236015,【冷藏店取-生發號】原味茶葉蛋(110G/2顆/包),39,49,False
10431411,【冷凍店取-炳叔】炳叔烤玉米(黑胡椒)(200g±10%/支(可食用部份140g±10%)),70,80,False
9720291,【冷凍店取-宏裕行】旗魚黑輪條(300gx盒),138,158,False
9333225,【冷凍店取-紅龍】香酥厚豬排(3片/袋),160,250,False
7786616,【冷凍店取—愛上新鮮】優鮮原味雞塊(300g±10%/包(15±2塊)),89,189,False
11682216,【天下三絕】冷凍藤椒牛肉水餃(500公克)(效期至2026/09/18),229,315,False
10374219,【冷凍店取-享吃美味】招牌無骨排骨酥(250g±5%/包),109,179,False
8854311,【南僑讚岐】南僑讚岐烏龍麵(200g x 3食入／包),105,125,False
8832747,【大成食品】大成經典雞塊（重組）－原味(600g),105,120,False
7961522,【瓜瓜園】脆皮地瓜薯條(６００ｇ／包),109,109,False
7768063,【冷凍店取—龍鹽酥雞】酥炸真魷魚400g/包,249,269,False
11772190,【南門市場立家】原味鹼粽(100g*6入/盒),249,399,False
11509687,【珍好麥】義式黑胡椒鐵板麵 (1450g),109,139,False
11509668,【大成食品】黃金甜不辣(切條)(250g/包),99,120,False
10994920,【龐德】龐德冷凍香蒜拉餅(550g/(5片入)),90,125,False
10378277,【大成享點子】照燒雞腿排(210gx1),85,99,False
10374230,【冷凍店取-享吃美味】川味滷豬耳朵(100g±5%/包)(效期至2026/09/18),79,159,True
9347654,【冷凍店取-食全】秘制滷豆皮(150g/包±5%),69,69,False
8806924,【冷凍店取-快樂大廚】川味椒香滷牛筋(包),99,200,True
7915578,【冷凍店取－愛上美味】台式香蔥舒肥雞胸隨手包(１００ｇ±１０％／包),59,109,False
11738942,【春水良品】春水良品焙茶相思冰Q粽禮(390g(白皮焙茶拿鐵65g*3+綠茶皮紅豆65g*3)),369,459,False
11723144,【白沙屯媽祖】馬年平安香火滷肉粽(170g*3入+平安香火袋1入),299,350,False
11345498,【石二鍋】細烏龍麵(400g/袋),69,79,False
11341137,【冷藏店取-蓮廚】沙茶蒟蒻(300G/包),85,95,False
11235974,【冷藏店取-生發號】香Q滷蛋(110G/2顆/包),39,49,False
10057637,【冷凍店取-正點】日式柚香雞胸肉(100g/包),55,95,True
9572553,【冷凍店取-炳叔】炳叔烤玉米-哇沙米(200g±10%(可食用部份140g±10%)),70,80,False
9454203,【冷凍店取-宏裕行】海鮮蝦卷(200g/8入/盒),169,189,False
9454200,【冷凍店取-宏裕行】干貝油飯(300g/盒),169,199,False
9290810,【義美】義美蔥抓餅(550gx1),80,90,False
9283044,【冷凍店取-披薩市】薄皮5吋青醬蟹肉米披薩(80g±4.5%),45,100,False
8826159,【冷凍店取—樂廚】惡魔雞腿排（４入）(400g土10%/包),125,125,False
8806923,【冷凍店取—快樂大廚】紅燒牛腩(包),68,150,False
7915580,【冷凍店取－愛上美味】煙燻無骨鳳爪(２００ｇ±５％／包),109,219,False
11682215,【呷七碗】奶素粽(720±15公克 (180公克×4份)),309,375,False
11323279,【EZCHEF】蒜味小方干(200g(固形物185g)),55,69,False
10992146,【炸味堂】卡拉雞腿排大片(原味)(125g±10%/包(1片/包)),59,110,False
10079731,【KKLife】KKLife川香椒麻雞丁(180g),100,120,False
9884070,【冷凍店取-炸味堂】台式原味無骨鹽酥雞(150g±10%/包),63,63,False
9377043,【冷凍店取-紅龍】香辣搖搖雞球(500g/包),115,199,False
9106404,【新興四六一】韓式泡菜軟骨肉(300g(固型物160g）±１０％／包),169,180,False
9038590,【冷凍店取-享吃美味】黃金酥炸魷米花(250gx1),119,209,False
8843033,【樂廚】醉雞捲(420g土10%/包(固形物380g土10%/包)),168,279,False
8650232,【冷凍店取－享吃美味】日式叉燒肉（組合）(１００ｇ／包),89,129,False
7780484,【冷凍店取—海揚鮮物】福氣滿滿魚卵160g±10%/條,129,150,False
11485517,【大成食品】美式酥炸雞柳條-辣味(450g/包),179,250,False
11460006,【大成食品】青花椒麻雞塊(重組(500g±3%)(效期至2026/09/03),129,180,False
11361710,【冷藏店取-黑橋牌】蒜味香腸(220g/盒),115,145,False
10783701,【享吃美味】墨西哥辣腸比薩(六吋比薩)(185±4%/包),99,209,True
10079742,【冷凍店取-金榮】6吋手工義式披薩-貓山王榴槤(120gx1),115,149,False
9440876,【冷凍店取-總舖獅】爆漿雞腿肉捲((3支/包)共270克),109,220,False
9283042,【冷凍店取-披薩市】薄皮5吋匈牙利臘腸米披薩(90g±4.5%),45,100,False
8832735,【超秦肉品】超秦肉品鹹酥雞(500gx1),185,199,False
8133531,【義美】義美蛋餅皮（１０片裝）(５００ｇ),80,90,False
7915586,【冷凍店取－愛上美味】家庭號美式黃金脆薯(８００ｇ±１０％／包),199,299,False
7915564,【冷凍店取－愛上鮮果】完熟冰烤金山紅地瓜(２５０ｇ±１０％包),79,159,False
7790358,【冷凍店取—昊鼎】千張月亮蝦餅110g/片,64,64,False
7786614,【冷凍店取—愛上新鮮】美式黃金脆薯(250g±10%/包),79,179,False
7781813,【食安先生】鮮凍白花椰菜米(５００ｇ／包),99,120,False
11666771,【紅豆食府】客家粿粽(80g*5入/盒),395,420,False
11362066,【冷藏店取-台塑】包心白菜泡菜(600g/瓶),189,229,False
11345489,【石二鍋】百頁魚豆腐(220公克/包),119,156,False
10922655,【鮮綠生活】雞塊先生(600克±15g/包),155,189,False
10061208,【冷凍店取-宏裕行】麻辣海香菇 (300g/包),129,150,False
9613651,【冷凍店取-KKLife】印度瑪莎拉咖哩羊(250g/包（(固形量110±5g）),125,150,False
9572554,【冷凍店取-炳叔】炳叔烤玉米-咖哩(200g±10%(可食用部份140g±10%)),70,80,False
9169213,【冷凍店取-青花驕】青花椒麻香烤雞翅(85gx1),59,59,False
9018145,【McCain麥肯】McCain麥肯冷凍細脆薯條(800g*1),142,179,False
8516345,【冷凍店取—樂廚】紐奧良雞柳條(２５０ｇ±１０％／包)(效期至2026/09/02),100,135,False
7786622,【冷凍店取—愛上新鮮】黃金香酥旗魚塊(250g±10%/包（約13?16塊）),169,259,False
11459993,【樂廚】川味乾鍋肥腸切(200g±5%(固形物160g±5%)),119,139,False
11361723,【冷藏店取-黑橋牌】原味香腸(220g/盒),115,145,False
9069101,【冷凍店取-上洛】EZCHEF洞洞薯餅(500g/包),99,115,False
7785192,【冷凍店取－大成食品】莫札瑞拉拉絲起司球(３２０ｇ／包),139,299,False
7782547,【冷凍店取—愛上鮮果】完熟黃金冰烤地瓜250g±10%/包,79,159,False
7780353,【冷凍店取—總舖獅】來酷客—青醬蛤蜊義大利麵(320克/包),79,130,False
11362083,【冷藏店取-台塑】高麗菜泡菜(600g/瓶),189,229,False
11333778,【宗家府】濃厚風味泡菜2入(80gx2包),85,98,False
11235920,【欣手藝】招牌沙茶雞胗(150g)(效期至2026/07/28),88,139,False
10374220,【冷凍店取-享吃美味】川味滷雞爪(160g±5%/包),79,159,False
10079739,【紅龍】紅龍香檸烤翅小腿(500g),165,199,False
9632719,【冷凍店取-享吃美味】田園紅藜菇菇米(植物五辛素)(200g±4.5%/包),89,160,False
9283052,【冷凍店取-披薩市】薄皮5吋白醬松露野菇米披薩(80g±4.5%),45,100,False
9183609,【冷凍店取-台灣卜蜂】卜蜂三角骨鹽酥雞(1kg/包),220,220,False
9018146,【McCain麥肯】McCain麥肯黃金薯餅(635±15g*1／盒 ),142,179,False
8028257,【冷凍店取－昊鼎】千張干貝月亮蝦餅(１１０ｇ±５％／片),62,62,False
11561034,【冷藏店取-蓮廚】海帶脆筍肉(200g/盒),90,95,False
11538070,【富美】沙茶炆鳳爪(300g±10%)(效期至2026/09/02),119,149,False
11485526,【泰凱食堂】桃木風味煙燻雞(120±10g/包),85,99,False
11086169,【鮮來的】柴魚爆蔥手工抓餅(600g±1.5%(5片裝))(效期至2026/09/12),95,119,False
9418221,【冷凍店取—蔥阿伯】家鄉味蔥肉餡餅(450G/包),120,180,False
9368578,【冷凍店取-大成食品】青花椒麻香酥雞(500g*1),179,299,False
9090309,【嗨！HiCome in  】嗨！紅酒燉牛肉(300gx1),215,260,False
8806929,【冷凍店取—快樂大廚】咖哩牛腩(包),68,150,False
8718949,【冷凍店取－大成食品】日式唐揚雞(３５０ｇ／包),149,200,False
8137577,【龍鹽酥雞】酥炸甜不辣(３０2ｇ(甜不辣300g、龍獨家秘製胡椒鹽2g)),109,139,False
7915579,【冷凍店取－愛上美味】川味煙燻無骨鳳爪（微辣）(２００ｇ±５％／包),109,219,False
7787687,【台灣好漁】卡啦鮮脆鯛魚塊(250g±10%/包),160,180,False
7785191,【冷凍店取－大成食品】根島爆爆蝦10gX10隻/盒,99,169,False
11781660,115/06/11起陸續出貨【養心茶樓】松露藜麥珍寶粽(900公克±1.5%/盒(5入裝)),580,599,False
11666779,【紅豆食府】上海菜飯鮮肉粽禮盒(180g*4入/盒),595,620,False
11658684,【阿罔姨】特級豬頭皮耳朵絲(300g/包),109,129,False
11380909,【冷藏店取-益康】翡翠海帶絲隨手包3入(80g/包),129,147,False
11361721,【冷藏店取-金豐盛】蔥薑海南雞風味雞Ｑ丸3包入(105g/包),140,165,False
11345488,【蔥阿伯】蔥阿伯韭菜盒子(480g),159,200,False
11289259,【冷藏店取-新村站著吃】韓式泡菜(450g/瓶),219,269,False
9632723,【冷凍店取-享吃美味】蛋炒花椰菇菇米(200g±4.5%/包),89,160,False
9613648,【冷凍店取-KKLife】沖繩軟骨(180g/包（固形量120g）),100,120,False
8577525,【冷凍店取－鮮綠生活】金鑽蝦捲(３００ｇ／１０條／包),149,249,False
8170081,【冷凍店取－鮮綠生活】蝦枝花丸(300公克±5％公克/包),135,230,False
11772198,【逸湘齋】台灣南部粽(190g*5入/盒),445,599,False
11718546,【首爾夜】韓式煙燻風味烤腸雞胗(82g/包),75,99,False
11441167,【bb.q】1970老爸炸雞3入包(690g*1包),275,315,False
11235959,【台酒】台酒紅露醉雞腿(500g/盒(固形物350g)),350,350,False
10994887,【龐德】龐德冷凍地瓜煎餅(480g/(4片入)),125,145,False
10760049,【享吃美味】莫札瑞拉香濃起士棒(280g±10%/盒;10條/盒),159,199,False
10345886,【許記】許記生煎包(380g±5g/12顆/盒),159,250,False
10262263,【KKLife】KKLife中華干燒蝦仁捲(150±10g),75,89,True
10259215,【KKLife】KKLife奶油白醬海鮮捲(150±10g),75,89,False
10057633,【冷凍店取-正點】番茄羅勒雞胸肉(100g/包),55,95,False
9846821,【冷凍店取-台畜】經典香酥炸排骨(90gx1),65,65,False
9613652,【冷凍店取-KKLife】花雕酒香醉雞腿(320±30g/包（固形量200±30g）),150,180,False
9183621,【冷凍店取-紅龍】塔香鹽酥雞(500g/袋),195,250,False
8672617,【大滷桶】麻辣滷豆干(２００ｇ±３ｇ)(效期至2026/07/27),89,159,False
7790353,【冷凍店取—饗福】月亮蝦餅—花枝240g/片,99,119,False
7786210,【冷凍店取—西井村】翅小腿１包(80g/包),59,149,False
7786008,【冷凍店取—愛上鮮果】福氣黃金魚卵(180g±10%/包),159,229,False
11772223,【南門市場立家】招牌湖州粽雙拼組(湖州蛋黃鮮肉粽200g*3入、火腿鮮肉粽200g*2入/盒),445,599,False
11772211,【逸湘齋】經典北部粽(190g*5入/盒),445,599,False
11723134,115/06/08起陸續出貨【上海鄉村】金沙封肉粽3入禮盒(180gx3),439,650,False
11677285,【元榆牧場】黯然銷魂蜜汁翅小腿(350g(固形物300g)±3% ),198,220,False
11577381,【宏裕行】花枝蝦油條(400g/包),329,329,False
11361697,【冷藏店取-黑橋牌】乳酪德式小香腸3包(53g/包),115,126,False
11009789,【炸味堂】酥脆虱目魚塊_小魚造型(300g±10%/包(10片/包)),89,178,True
10820956,【怡泰】五香毛豆莢（全素）(1)(效期至2026/09/18),120,120,False
10598485,【金園排骨】鹽酥雞腿肉(300g±15g/包),270,280,False
10518469,"【紅龍】紅龍香辣多汁炸雞腿(120±10g/支, 5支/袋)",205,299,False
9669520,【冷凍店取-廚鮮王】嚴選日本和牛漢堡排(100g±10%/包),69,69,False
9572545,【強匠】招牌鹹酥雞(500gx1),129,165,False
9290800,【冷凍店取-卜蜂】無骨蒜味香雞球(450gx1),149,199,False
9183623,【冷凍店取-KKLife】KKLife白醬松露蕈菇派(130±10g/個， 3個/袋),150,200,False
8843021,【美式賣場】冷凍迷你瑪格麗特披薩(720g),349,349,False
8826146,【鬍鬚林】QQ蛋(12粒(60公克)),69,95,False
8679614,【冷凍店取—樂廚】懷舊去骨雞腿排(２００ｇ±１０％／包),65,99,False
8216961,【冷凍店取－海揚鮮物】滿滿「極」蝦排(２４０ｇ±１０％　／盒（４片）),145,229,False
8194094,【王品嚴選】德國豬腳(６００ｇ／包),339,399,False
8143480,【冷凍店取－快樂大廚】麻辣水煮牛肉(２００ｇ／包),99,250,False
11467484,【鬍鬚林】原味無骨鳳爪(150g/包),109,150,False
11361715,【冷藏店取-黑橋牌】火腿蘿蔔糕(600g/盒),129,139,False
10262270,【KKLife】KKLife泰式辣炒雞肉捲(180±10g),75,89,False
10057651,【冷凍店取-正點】紐澳良雞胸肉(100g/包),55,95,True
10057650,【冷凍店取-正點】泰式椒麻雞胸肉(100g/包),55,95,False
10057647,【冷凍店取-宏裕行】澎湖海鮮派(300g/包),218,249,False
9183626,【KKLife】蜂蜜蘋果醬烤豬肋排(肋排435g、醬包80g(固形物16g)/盒),350,399,False
8516347,【冷凍店取－海揚鮮物】花枝蝦仁鑲油條(２５０ｇ±１０％／盒（４條）),170,189,False
7842251,【冷凍店取－鬍鬚林】米血糕(２００ｇ／包),70,70,False
7271302,【總舖獅】蠔油粉絲煲，225g/包，50包/組,1950,3600,False
11772214,【安得烈x鮮乳坊】公益募集-孩子的營養6日計畫((原味保久乳*6瓶)(購買者本人不會收到商品)),210,220,False
11772212,【育成基金會】好事育成愛心烘焙餐盒2盒組(送愛暖貧童-好事育成愛心烘焙餐盒2盒組),300,310,False
11718557,【首爾夜】韓式煙燻風味牛筋牛肚(70g/包),75,99,False
11682219,【呷七碗】台灣傳統北粽(720±15公克 (180公克×4份)),309,375,False
11677260,【元榆牧場】 紫蘇香梅燒雞(300g±5% ),299,332,False
11613333,【味味A】排骨雞醬香蘿蔔糕(1000g(10片/包)),139,174,False
11519189,【1919食物銀行】認購救助協會1919-C套餐(1套x1),300,300,False
11381446,【桂冠】素青醬野菇義大利麵(325g/盒)(效期至2026/08/21),89,99,False
11354365,【正宗度小月擔仔麵本舖】肉燥貢丸(600g/包)(效期至2026/09/01),228,248,False
10961162,【龍鹽酥雞】炸物綜合包(342g),145,165,True
10944911,【滷香香】 滷香香-黑胡椒蛋白丁(280g(35G*8)/包),149,149,False
10783681,【享吃美味】夏威夷比薩(六吋比薩)(194g±4%/包),99,209,False
10767493,【大成食品】嫩雞纖蔬盒(鮮雞絲)(200g),139,169,False
10767481,【大成食品】嫩雞纖蔬盒(嫩雞腿)(200g),139,169,False
10535108,【冷凍店取—蔥阿伯】雄霸寶寶高麗菜豬肉水餃(700g/包),109,180,False
9720289,【冷凍店取-宏裕行】飛魚卵豬肉香腸(300gx包),245,269,False
9433609,【冷凍店取-炸味堂】黃金卡拉豬排(80g±10%/包),45,45,False
9430653,【冷凍店取-福瑞特】波浪薯條(2000g/包(12mm)),219,299,False
9377042,【冷凍店取-KKLife】台式黑胡椒豬肉捲(180g/條*1條/包),75,89,False
9169211,【青花驕】青花椒麻霸王炸雞腿(95gx1),59,59,False
9159216,【冷凍店取-陳記好味】泡椒檸檬煙燻去骨鳳爪(200g±10%),109,128,False
8999976,【冷凍店取-炸味堂】大阪銷魂無骨雞排(75g±10%/片(2片/包)),60,80,False
8854312,【南僑讚岐】南僑讚岐烏龍湯麵(230g x 3食入／盒),145,175,True
8650236,【冷凍店取－享吃美味】嫩煎古早味鐵路排骨(１００ｇ±１０％／包),49,99,False
8553278,【義美】義美素食炒飯(２７０ｇ),60,79,False
8123443,【美式賣場－冷凍店取】海瑞黑豚肉摃丸(1200g(600g*2包)),599,599,False
7786789,【新興四六一】紅燒軟骨肉(300g(固形物約140g)±10%/包 ),169,180,False
7786385,【冷凍店取－田家】田家千層韭菜拉餅(１１０ｇ／片，４４０ｇ／盒),109,130,False
11666775,【揚益水晶餃】大顆水晶丸包(300g/10入/包),150,189,False
11666773,【白沙屯媽祖】古早味油飯(280g±5%/盒),105,149,False
11561028,【冷藏店取-蓮廚】翡翠黃金絲(200g/盒),90,95,False
11538062,【富美】冰釀豬腳(600g±5%),309,350,True
11460005,【段純貞】段純貞翡翠抓餅(600g ± 15g),129,159,False
11460004,【養心茶樓】紅燒獅子頭(250g±9g(固形物180g)/盒),180,249,False
11380897,【冷藏店取-益康】黃金泡菜隨手包3包入(80g/包),129,147,False
11361704,【冷藏店取-黑橋牌】原味德國Q脆腸3包(50g/包),89,96,False
11361703,【冷藏店取-黑橋牌】蒜味台灣小香腸(240g/盒),130,145,False
11235944,【海揚鮮物】滿滿燒酒鮑(150g±10%),149,189,False
11224376,【食億圓有限公司】基隆甜不辣片(300g±10g),99,109,False
10534803,【KKLife】KKLife陽光香草 豬肉捲(180±10g),75,99,False
10425660,【鬍鬚林】麻辣鴨翅(200g/盒),140,165,False
10374241,【冷凍店取-享吃美味】川味滷雞尾椎(100g±5%/包),79,159,False
10061212,【冷凍店取-宏裕行】三杯海香菇(300g/包),129,150,False
9613647,【冷凍店取-KKLife】泰式紅咖哩雞(250g/包（固形量102.5g）),100,120,False
9290806,【義美】義美香酥蔥油餅(525gx1),80,85,False
9283122,【冷凍店取-桂冠】德式起司腸120G(120gx1),54,61,False
9254249,【冷凍店取-炸味堂】微笑薯餅(200g±10g/包),79,169,False
9106402,【冷凍店取-快樂大廚】總舖師私房滿料魚翅風味羹(５００公克（固形量２００公克）／包),119,189,False
8896108,【Gino世界冠軍披薩】松露綜合鮮菇披薩(260g/8吋/盒),269,289,False
8216967,【鬍鬚林】辣味無骨鳳爪(１５０克／包),115,130,False
7961521,【瓜瓜園】九份蕃薯圓(３００ｇ／包),99,99,False
7915563,【冷凍店取－愛上美味】經典原味舒肥雞胸隨手包(１００ｇ±１０％／包),59,109,False
7842250,【冷凍店取－鬍鬚林】老滷豆干(２００ｇ／包),89,120,False
7792999,【海揚鮮物】滿滿酥脆魷魚圈(３００ｇ±１０％／盒),189,219,False
7787946,【冷凍店取—達人上菜】達人上菜多蔥厚抓餅 (700g(140g*5片)),75,75,False
11538067,【富美】竹筍西魯肉(600g±10%(固形物210g))(效期至2026/09/03),155,199,False
11467495,【漢來美食】干貝櫻花蝦米糕(850g/盒),950,1150,False
11341164,【冷藏店取-米耕好廚】油香椒麻蒟蒻(150G/盒),69,75,False
11289244,【冷藏店取-蓮廚】鮑菇三鮮燴(200g/盒),90,95,False
11033036,【宏裕行】古早味蚵仔卷(300/盒),189,199,False
10820952,【怡泰】三杯猴菇（奶素）(300g±9g),240,240,False
10694513,【正點】秘製無骨排骨酥(500g±5%),175,205,False
10685227,【炸味堂】黃金香酥魚塊(150g±10%/包),115,249,False
10200601,【冷凍店取-享吃美味】台式蘿蔔糕(1000g±50g/包；10片/包),99,159,False
9859848,【朱記】黃金大鍋貼(385g),122,122,False
9623987,【冷凍店取-大成食品】黃金雞柳條-黑胡椒(重組)(500G/包),100,119,False
9316225,【冷凍店取-享吃美味】鮮嫩唐揚無骨雞腿塊(350g±10%/包),119,189,False
9290783,【台糖】台糖4合1火鍋餃(珍饌)(364gx1),159,179,False
9238186,【泰凱食堂】正宗泰式打拋豬(170g±10g/包),105,129,False
9131833,【冷凍店取-蔥阿伯】千層蔥花捲(390G/6粒),125,189,False
8549522,【冷凍店取－大成食品】日式醬燒手羽先(５００ｇ／包),229,290,False
7775012,【冷凍店取—宏嘉】特級花枝丸280g/包,150,190,False
11718558,【甲上燒餅】老油條(純素)(130g±4.5%),99,109,False
11718550,【韓玉宅】韓式泡菜(600g/罐),199,230,False
11666769,【紅豆食府】綜合雙享粽禮盒(上海菜飯鮮肉粽180g*2入+豆沙粽150g*2入/盒),550,580,False
11651090,【海揚鮮物】韓風爆蝦韓風爆蝦球球(300gx±10%/盒),189,199,False
11538071,【富美】醬燒螃蟹粉絲煲(600g)(效期至2026/07/24),209,299,False
11459999,【優鮮選】冷凍調製扇貝肉(250g±10%/包(淨重：138g/包)),109,199,False
11354355,【霸味薑母鴨】霸味小丸子(125g/包),70,99,False
11235998,【冷藏店取-蓮廚】香菇瓜仔肉(300G/包),85,95,False
11235994,【冷藏店取-益康】韓式泡菜(320g/瓶),149,165,False
10820945,【怡泰】蔬脆春捲（全素）(1),240,240,False
10714165,【美式賣場】元進莊冷凍酥炸原塊雞胸丁(1.5kgx1),519,519,False
10488203,【柴米夫妻】老北方厚片蔥油餅(蔥量加倍)(700g/(5片)/包),160,200,False
10084431,【花錦季】螯蝦沙拉(250g*1)(效期至2026/08/07),109,170,False
10057626,【冷凍店取-正點】匈牙利紅椒雞胸肉(100g/包),55,95,False
10057616,【冷凍店取-正點】經典原味雞胸肉(100g/包),55,95,False
9908727,【美式賣場】亞細亞田園冷凍薄鹽毛豆莢(500gx6),519,519,False
9682942,【冷凍店取-元榆牧場】什麼都沒加的原味舒肥嫩雞胸(120g±4.5%/包),120,132,False
9669519,【冷凍店取-廚鮮王】美式雞柳條(150g±10%/包),65,65,True
9599079,【冷凍店取-卜蜂】紐奧良風味燒烤雞翅(400g/包),149,185,False
9108696,【冷凍店取-強匠】宮保雞丁(200gx1),99,129,False
9106400,【快樂大廚】紅燒香滷牛筋(500公克（固形物:２００公克）／包)(效期至2026/09/11),159,220,False
8553281,【義美】義美拌麵－香蒜椒麻(４５６ｇ),99,125,False
8143494,【冷凍店取－快樂大廚】麻辣牛肚(２００ｇ／包),99,200,False
7842243,【冷凍店取－鬍鬚林】雞腳凍（辣味）(２００ｇ／盒),110,150,False
7789142,【冷凍店取—愛上美味】無骨招牌香香雞(200g±10%/包),79,109,False
7786796,【新興四六一】清燉軟骨肉(300g(固形物約140g)±10%/包 ),169,180,False
7767631,【冷凍店取—樂廚】樂廚花雕雞肉香腸(300g±10%/包),110,139,False
11772203,【華山基金會x愛心套餐】認購華山基金會愛心D套餐1個月(認購華山基金會愛心救助D套餐-1個月),300,310,False
11681637,【冷藏店取-慶家】慶家黃金泡菜(450G/瓶),209,239,False
11641102,【龍鹽酥雞】海陸雙響綜合包(302g/包),199,209,True
11561036,【冷藏店取-蓮廚】猴菇麻油蔬(蛋素)(200g/盒),90,95,False
11460015,【鹿港圓環頂麵食館】醇香紅燒肉羹(1200g±5%包.(內含羹湯1000g±5%、含蔬菜250g±5%、赤肉羹200g±5%))(效期至2026/07/28),299,399,False
11361699,【冷藏店取-黑橋牌】高粱酒珍珠香腸3包(50g/包),135,147,False
11361678,【冷藏店取-黑橋牌】蒜味德國Q脆腸3包(50g/包),89,96,False
11345495,【海揚鮮物】加拿大直送爆卵柳葉魚(250g±10%/包),119,129,False
11345491,【蔥阿伯】蔥阿伯紅豆脆皮酥派(360g),129,180,False
11224401,【食億圓有限公司】基隆甜不辣條(300g±10g),99,109,False
11224379,【食億圓有限公司】高雄古早味黑輪(300g±10g),99,109,False
10994897,【龐德】龐德冷凍芋頭煎餅(480g/(4片入)),125,145,False
10714100,【品興行】花枝排(600±15g(12片入)),395,429,False
10373555,【灣島食鮮】牛肉丸(300公克/包),149,169,False
10373531,【灣島食鮮】爆蔥貢丸(400公克/包),139,159,False
9778308,【義美】(超)義美香酥抓餅-芝麻(550gx1),72,72,False
9682940,【冷凍店取-元榆牧場】義式香草舒肥嫩雞胸(120g±4.5%),120,132,False
9418222,【冷凍店取—蔥阿伯】家鄉味韭菜餡餅(450G/包),120,180,False
9069128,【冷凍店取-灣島食鮮】芋頭貢丸(400gx1),139,139,False
9018158,【冷凍店取-海揚鮮物】滿滿蝦仁酥脆蝦球(300g±10%/盒),185,189,False
11772210,【食物銀行x鮮乳坊】公益募集-孩子的營養6日計畫((原味保久乳*6瓶)(購買者本人不會收到商品)),210,220,False
11666770,【白沙屯媽祖】古早味米粉炒(280g±5%/盒),95,139,False
11651092,【鹿港圓環頂麵食館】一家人團圓幸福滷味(600g±4.5%),219,260,False
11467491,【品川】花枝蝦捲(240g/包),242,255,False
11361698,【瓜瓜園】氣炸雙色QQ球(400G*1包),188,188,False
11354363,【嘉楠食品】撒尿牛丸(包餡)(300公克/包)(效期至2026/08/27),150,165,False
11354357,【嘉楠食品】原味水晶圓餃(250公克/包)(效期至2026/09/01),110,130,False
11022769,【強匠－匠師傅】古早味油蔥雞肉絲(雞肉絲200g/包、雞蔥油50g/包),89,129,True
11022732,【強匠－燒客】冷凍燒烤二節翅(500g),189,299,False
10994910,【龐德】龐德冷凍克林姆煎餅(480g/(4片入)),125,145,False
10820953,【怡泰】月亮蝦餅（奶素）(1)(效期至2026/08/28),170,170,False
10552427,【興達港歐董】八寶丸(300g±3%/包),145,150,False
10518465,【KKLife】KKLife黑胡椒湖鹽雞胸肉(130g±10g/包， 3包/袋),195,250,False
10373956,【興達港歐董】鮮蝦丸(300g/包),180,199,False
10199580,【冷凍店取-享吃美味】傳香芋頭糕(1000g±50g/包;10片/包),99,159,False
10099934,【KKLife】KKLife日式牛肉咖哩(250g/包(固形量70±5g)),125,150,False
9959138,【冷凍店取-元榆牧場】匠滷雞心(300g±3%(固形物:200g)/包),176,194,False
9884048,【冷凍店取-炸味堂】台式辣味無骨鹽酥雞(150g±10%/包),63,63,False
9524691,【冷凍店取-bb.q】辣炒雞(135gx1),69,69,False
9524666,【冷凍店取-bb.q】泡菜小煎餅(180gx1),79,79,False
9440884,【冷凍店取-段純貞】經典紅燒牛肉麵(710G/袋)(效期至2026/08/08),249,269,False
9433608,【冷凍店取-炸味堂】爆漿雞腿捲(240g±10%/包(3條/包)),99,149,False
9290782,【台糖】台糖4合1火鍋餃（經典）(380gx1),159,179,False
9283057,【冷凍店取-披薩市】薄皮5吋雪梨藍莓起司米披薩(90g±4.5%),45,100,False
8896099,【Gino世界冠軍披薩】松露鮮蝦披薩(8吋/281g/盒),269,289,False
8580970,【美式賣場】元進莊冷凍麻油雞(２．４ＫＧ),669,669,False
8553282,【義美】義美拌麵－麻醬(５４０ｇ),99,125,False
7842246,【冷凍店取－鬍鬚林】香脆雞胗凍(２２５ｇ／盒),110,150,False
7824532,【美式賣場】ＴＡＢＬＥＭＡＲＫ讚岐烏龍麵(２００ｇＸ１０入),329,329,False
11772213,【雙福基金會】公益募集-古早味香菇蛋黃鮮肉粽(古早味香菇蛋黃鮮肉粽(170gx6顆/包)(購買者本人不會收到商品)),450,460,False
11743533,【美式賣場】冷凍酥炸起司圈 (1kg*1),469,469,False
11658685,【白沙屯媽袓】秘醬泡菜一口臭豆腐(350g±5%),140,199,False
11651088,【鹿港圓環頂麵食館】經典滷味(300g±4.5%),109,130,False
11538072,【富美】富美蔥燒魚片(400g±10%/包),199,249,False
11459996,【養心茶樓】酸白菜豆腐鍋(900g±15g(固形物400g))(效期至2026/09/01),330,469,False
11459994,【大成食品】秘製香滷豬腳(550g(固形物300g)),249,349,False
11433219,【海霸王甲天下】醬滷花生豬腳(700g±15g(固形物550g)/盒),399,599,False
11333748,【宗家府】白菜切塊泡菜(300g/罐),209,235,False
11236333,【美式賣場】冷凍香辣炸雞柳 (1.7kgx1),689,689,False
11086156,【炸味堂】黃金馬鈴薯蝦(300g±10%/包),289,598,False
10922649,【興達港歐董】千張花枝蝦卷(10條/共350公克±3%),240,260,False
10425657,【鍾家客家食堂】正宗萬巒豬腳麵線(豬腳1200g，麵線200g)(效期至2026/08/02),688,990,False
10190836,【美式賣場】冷凍椒鹽薄皮炸雞(1.55kgx1),529,529,False
10178369,【魯肉邱】手工膠質滷肉肉燥(300g/包(固形物180g/包)),159,200,False
9998482,【冷凍店取-游記】游記百年油飯(600公克 ±5%),209,250,False
9959128,【冷凍店取-元榆牧場】滷二節翅(350g±3%(固形物:300g)/包),198,218,False
9859851,【朱記】地瓜煎餅(550g),220,235,False
9859837,【朱記】紅豆煎餅(550g),220,235,False
9290793,【冷凍店取-義美】義美乳酪捲(390gx1),109,129,False
9090314,【嗨！HiCome in 】嗨！東坡肉(220gx1)(效期至2026/07/28),195,240,False
8211896,【桂冠】黃金起司球(１２０ｇ／盒),58,67,False
8187435,【冷凍店取－享吃肉肉】超厚切古早味鐵路排骨(２００ｇ±１０％／包),95,150,False
7915585,【冷凍店取－愛上美味】川味椒麻海瓜子(１５０ｇ／包),99,189,False
7867506,【冷凍店取—美式賣場】冷凍韓式蔬菜煎餅(１ｋｇｘ１),399,399,False
7842252,【冷凍店取－鬍鬚林】蒜味毛豆(１５０ｇ／包),70,70,False
7842249,【冷凍店取－鬍鬚林】鴨舌頭(５０ｇ／６支／盒)(效期至2026/08/10),100,140,False
7842247,【冷凍店取－鬍鬚林】香辣鴨翅(２００ｇ／盒)(效期至2026/08/11),149,170,False
7789147,【冷凍店取—愛上美味】無骨韓式炸雞(200g±10%/包),79,109,False
7787287,【冷凍店取－大成食品】義式鮭魚花椰米(２５０ｇ／包),119,149,False
7773998,【冷凍店取—廚鮮王】2包香酥蛋黃芋泥丸300g±10%/10顆/包*2包,138,239,False
11772215,【老人福利關懷協會】公益募集-古早味香菇蛋黃鮮肉粽(古早味香菇蛋黃鮮肉粽(170gx6顆/包)(購買者本人不會收到商品)),450,460,False
11772205,【甘霖基金會】公益募集-古早味香菇蛋黃鮮肉粽(古早味香菇蛋黃鮮肉粽(170gx6顆/包)(購買者本人不會收到商品)),450,460,False
11714535,【灶神在家】端午傳愛粽飄香公益聯合募集((購買者本人將不會收到商品)經典滿餡古早味肉粽170公克/顆*6顆),499,499,False
11519187,【苗栗特殊教育協會】公益募集-公益愛心手路菜募集(單菜募集，每募集到六道菜，即成一組完整的手路菜(購買者本人將不會收到商品)),300,300,False
11519184,【老人福利關懷協會】公益募集-公益愛心手路菜募集(單菜募集，每募集到六道菜，即成一組完整的手路菜),300,300,False
11519183,【1919x娘家廚房】送愛募集-公益愛心手路菜募集(單菜募集，每募集到六道菜，即成一組完整的手路菜(購買者本人將不會收到商品)),300,300,False
11467490,【品川】花枝蝦排(200g/包),190,200,False
11460019,【樂廚】老媽蹄花(800g±5%(固形物500g±5%)),189,219,False
11460017,【鹿港圓環頂麵食館】辣台妹辣油子(270g)(效期至2026/07/31),129,159,False
11460009,【喜憨兒】麻油猴頭菇(350g(固形物150g)/包),130,179,False
11460002,【鹿港圓環頂麵食館】孟婆辣椒湯(235g±4.5%(含瓶身))(效期至2026/07/31),129,159,False
11449004,【88款】魔鬼雞排(240g±10%/包),79,158,False
11433221,【海霸王甲天下】排骨酥炊粉鍋(1660g±15g(固形物360g)/盒),379,589,False
11414416,【美式賣場】冷凍海鮮起司米漢堡(195g*10),699,699,False
11361691,【冷藏店取-黑橋牌】蒜味珍珠香腸3包(50g/包),115,126,False
11361688,【瓜瓜園】黃金脆薯塊(400G*1包),188,188,False
11354361,【更加好】小葉蝦滑(130g/盒),135,150,False
11345492,【蔥阿伯】蔥阿伯地瓜脆皮酥派(360g),129,180,False
11333762,【宗家府】超級辣泡菜(300g/罐),209,235,False
11333756,【宗家府】香脆泡菜(300g/罐),199,239,False
11022770,【好食點點】玉米布丁酥(1kg),169,239,False
10425662,【鬍鬚林】麻辣鴨舌頭(7入/(70g)/盒),120,135,False
9959126,【冷凍店取-元榆牧場】甘蔗雞土雞翅(300g±3%/包),185,203,False
9887329,【冷凍店取-炸味堂】蒜味帶骨大排骨(90g±10%/包),43,99,False
9400691,【冷凍店取-享吃美味】日式磯煮一口鮑(140g±4.5%/包),389,699,False
9038589,【冷凍店取-高利水產】基隆天婦羅片(300g/包),120,179,False
8896098,【Gino世界冠軍披薩】冠軍瑪格麗特S.T.G披薩(8吋/246g/盒),269,289,False
8097804,【台塑】宅配-台塑包心白菜泡菜6入組　(６００Ｇ／罐ｘ６罐),1119,1199,False
7842245,【冷凍店取－鬍鬚林】雞翅凍(２５０ｇ／盒),100,140,False
7842242,【冷凍店取－鬍鬚林】雞腳凍（原味）(２００ｇ／盒),110,150,False
7787388,【冷凍店取—愛上美味】泰式椒麻舒肥雞胸１包100g±10%/包,59,109,False
11772209,【苗栗特殊教育協會】公益募集-古早味香菇蛋黃鮮肉粽(古早味香菇蛋黃鮮肉粽(170gx6顆/包)(購買者本人不會收到商品)),450,460,False
11714529,【唐氏症x灶神在家】補蛋白營養粥品公益募集((購買者本人將不會收到商品)蛤礪蔬菜粥196克/盒、野菇燕麥粥114克/盒、杏仁麥片粥114克/盒),699,699,False
11714526,【甘霖基金會x灶神在家】補蛋白營養粥品公益募集((購買者本人將不會收到商品)蛤礪蔬菜粥196克/盒、野菇燕麥粥114克/盒、杏仁麥片粥114克/盒),699,699,False
11714523,【切膚之愛x品香肉粽】台南傳統肉粽((購買者本人將不會收到商品)台南傳統肉粽230g/顆*6入),599,599,False
11677263,【元榆牧場】絕代雙椒口水雞(300g±3% (固形物250g)),469,516,False
11651089,【鹿港圓環頂麵食館】一手好滷味(300g±4.5%),109,130,False
11651086,【鹿港圓環頂麵食館】一家人團圓幸福滷味麻辣款(600g±4.5%),219,260,False
11561038,【冷藏店取-蓮廚】火腿梅干肉(200g/盒),90,95,False
11561026,【冷藏店取-蓮廚】香菇素燥滷(200g/盒),90,95,False
11538090,【雅方】麻辣鍋底(900g±15g(固形物80g±4.5g)),149,169,False
11538060,【淑女廚房】香蒜辣椒醬(250G±5%),280,390,False
11467522,【野人舒食】起司牛肉捲(135g±4.5%),95,119,False
11467468,【品川】黑松露墨魚排(200g/包),190,200,False
11460007,【樂廚】麻辣三寶(1200g±5%(固形物300g±5%)),229,249,False
11459998,【養心茶樓】養身藥膳鍋(900g±15g(固形物400g))(效期至2026/09/01),410,579,False
11456013,【美式賣場】十味觀 冷凍紅酒燴雙牛(600g*2),999,999,False
11433227,【海霸王甲天下】翡翠海鮮羹(1420g±15g/盒),399,599,False
11362100,【欣手藝】糖燻雞翅(300g/包x1)(效期至2026/06/27),165,199,False
11345497,【蔥阿伯】蔥阿伯芋頭脆皮酥派(360g),129,180,False
11341156,【冷藏店取-蓮廚】紅油筍茸(300g/包),75,80,False
11276538,【范頭家】芋意綿綿芋香糕(750g/盒),399,450,False
11236334,【美式賣場】新加坡發起人肉骨茶(600gx3),479,479,False
11236332,【美式賣場】林聰明沙鍋菜豆腐煲 (800gx3),699,699,False
11224386,【文元街】涼拌泡菜臭豆腐(350G/包),139,159,False
11062026,【冷凍店取-台畜】德國豬腳-剖半(550gx1),320,459,False
11009776,【炸味堂】香酥旗魚塊(約240g±10%/包(8個/包)),95,198,False
10992139,【炸味堂】卡拉雞腿排大片(辣味)(125g±10%/包(1片/包)),59,110,False
10820968,【怡泰】椰香馬蹄條（奶素）(1),180,180,False
10820954,【怡泰】黃金炸蝦（奶素）(1)(效期至2026/06/25),265,265,False
10820951,【怡泰】菲力猴菇排（蛋奶素）(1),300,300,False
10820943,【怡泰】章魚燒（奶素）(1),200,200,False
10784177,【安得烈x翔采】物資募集養生燕麥片(350g/袋),190,250,False
10784175,【弘道老人基金會】獨老送餐愛心物資募集(乾香菇150g/公克± 5g或萬家香極品香菇素蠔油1200公克或卡是香香油2.8公升± 5%),250,300,False
10617522,【懋霖食府】塔香一口鮑魚(15g(固形量12g)*6/包)(效期至2026/08/30),560,560,False
10617513,【懋霖食府】麻辣一口鮑魚(15g(固形量12g)*6/包)(效期至2026/08/22),560,650,False
10567021,【王品嚴選】特製醬煨牛小排佐松露醬(890g/盒【牛小排800g(固形量400g)、醬包80g、松露醬包10g】)(效期至2026/09/10),1299,1399,False
10373549,【灣島食鮮】雙菇蝦球(400公克/包),160,170,False
10331835,【美式賣場】大成冷凍炙烤雞肉(480g (每袋20串)),639,639,False
10331825,【美式賣場】冷凍韓式起司脆薯熱狗(720g (90g X 8入)),629,629,True
10249818,【冷凍店取-揪人買海鮮】黃金熔岩蝦球(250gx1),195,220,False
10186113,【巨廚】蔥香脆皮肥腸(200g/2條/包),239,499,False
10171135,【豆油伯】冷凍毛豆(椒麻風味)(400G*1),249,279,False
9682941,【冷凍店取-元榆牧場】青醬舒肥嫩雞胸(120g±4.5%),120,132,False
9682939,【冷凍店取-元榆牧場】黑胡椒舒肥嫩雞胸(120g±4.5%/包),120,132,False
9669511,【冷凍店取-元榆牧場】海鹽舒肥嫩雞胸(120g±4.5%/包),120,132,False
9400697,【冷凍店取-享吃美味】激辛椒香一口鮑(140g±4.5%/包),389,699,False
9333226,【冷凍店取-紅龍】台式無骨炸酥肉(350±10g/包),195,290,False
9018156,【冷凍店取-呷七碗】什錦西魯肉(５５０±１５公克（固形物２００公克）),180,250,False
9018141,【冷凍店取-海揚鮮物】御炸黃金魚薯條(200g/盒),99,109,False
8936444,【美式賣場】紅龍香辣雞翅(2.3kgx1),699,699,False
8812543,【美式賣場】灣仔碼頭冷凍鮮肉小籠包(1200gx1),539,539,False
8580978,【冷凍店取—美式賣場】科克蘭冷凍天婦羅炸蝦(１．１５ＫＧ),929,929,False
8580975,【冷凍店取—美式賣場】紀文冷凍關東煮(１．１１ＫＧ),539,539,False
7929267,【冷凍店取－美式賣場】永饌照燒雞海苔飯糰(１４０ＧＸ１０入／箱),529,529,False
7877843,【冷凍店取－美式賣場】花枝蝦排(５０ＧＸ２０片),729,729,False
11723143,【狀元油飯】狀元及第粽(170g*4入/袋),395,409,False
11714530,【雙福基金會x灶神在家】補蛋白營養粥品公益募集((購買者本人將不會收到商品)蛤礪蔬菜粥196克/盒、野菇燕麥粥114克/盒、杏仁麥片粥114克/盒),699,699,False
11646565,【美式賣場】冷凍綜合炸物組 (1.14kgx1),759,759,False
9600461,【冷凍店取－美式賣場】紅龍黑胡椒牛肉捲(220gx1),79,79,False
11509688,【南門魚丸店】手工蝦餃(120g)(效期至2026/09/15),95,120,False
9106403,【冷凍店取-快樂大廚】主廚私房芋頭米粉湯(６００公克（固形量２５０公克）／包),89,159,False
7790431,【冷凍店取—石二鍋】石二鍋蝦爆起司丸(220g/包),135,169,False
11276537,【大成食品】清燉牛肉湯(500g (固形物90g/包)x1),115,139,False
11526334,【聚鍋】北海道昆布熬高湯(50gx1),50,69,False
9377046,【冷凍店取-紅龍】紅龍牛肉湯(450g/包(固形量75g/包)),105,150,False
8534377,【冷凍店取—快樂大廚】金門高梁紅燒牛肉爐(１０００ｇ／包),189,350,False
10741695,【本家生機】黃金豆腸(135±5g/包),79,110,False
11588321,【大成食品】紅燒燉牛肉(300g(固形物:53g)/包),119,159,False
9563038,【冷凍店取－石二鍋】石二鍋經典爆香石頭鍋(６４０ｇ（湯包５００ｇ、魚豆腐１１０ｇ、爆香包３０ｇ）),149,259,False
10378311,【大成享點子】剝皮辣椒香菇雞湯(400gx1),89,129,False
10373542,【名廚美饌】名廚美饌紅燒羊肉爐(1100g(固形物220g)),239,300,False
7779395,【冷凍店取—石二鍋】石二鍋水晶餃(280g)(效期至2026/09/11),105,139,False
10552426,【更加好】今都腐竹(110g/盒),55,65,False
8158539,【冷凍店取—快樂大廚】香菇竹笙雞湯(４１０公克（固形量１２０公克）),89,200,False
7790429,【冷凍店取—石二鍋】芋香貢丸(300g/包),119,169,False
10820939,【王品嚴選】日式醬燒豬梅花肉片 (300g),189,249,False
10378278,【大成享點子】酸菜牛肉湯(牛五花)(530gx1),109,179,False
7786020,【冷凍店取—愛上鮮果】螯蝦海鮮濃湯(200g±4.5%（固形物28g±4.5%）),79,169,False
10820929,【得意生活】麻油羊肉麵線(570g( 固形物165g))(效期至2026/09/07),99,129,False
10741703,【本家生機】冰雪黑豆凍豆腐(300±9g/包),59,100,False
11616917,【得意生活】家傳酸菜白肉鍋(800g(固形物280g)),199,259,False
11577364,【名廚美饌】麻辣牛奶鍋(1100gx1),249,300,False
8158542,【冷凍店取—快樂大廚】麻油猴頭菇(３００公克（固形量１４０公克）),89,180,False
9018152,【冷凍店取-呷七碗】元氣四神湯(６５０±１５公克（固形物１５０公克）),130,180,False
11616922,【得意生活】鮮魚炊粉湯(1200g(固形物450g))(效期至2026/09/10),329,389,False
10947533,【喜生】經典沙茶豬肉燴飯(390g/盒),125,145,True
10212649,【快樂大廚】紅茄燉牛肉(300gx1)(效期至2026/09/09),105,180,False
9486985,【冷凍店取-享吃美味】黃金土雞白湯(500ml±10%/包),99,239,True
9486984,【冷凍店取-享吃美味】招牌紅燒牛肉湯(475g±10%/固形物75g),89,160,False
11677243,【元榆牧場】黑蒜雞湯(550g±3%(固形物130g)),219,241,False
10471723,【本家生機】冰雪凍豆腐(300±9公克)(效期至2026/08/18),59,100,False
9783493,【冷凍店取-阿秋大肥鵝】阿秋大肥鵝招牌秘製臭豆腐(850g±5%(固形物380g±5%)),280,300,False
11616900,【得意生活】櫻花蝦油飯(640g),299,359,False
11577376,【撈王】經典胡椒豬肚雞鍋(1000gx1),399,500,False
7761531,【冷凍店取—石二鍋】烏龍湯麵爆香石頭鍋湯底690g/包,149,199,False
11654672,【鹿港圓環頂麵食館】赤肉羹(190g±4.5%(含20g高湯)),109,139,False
11471268,【Fami煮煮】青花椒雪花牛肉麵(1包X1),159,159,False
11235929,【欣手藝】小腸四臣湯(1000g(固形物:250g))(效期至2026/07/22),199,249,False
11022688,【扒扒飯】雙椒辣香腸(400g/包)(效期至2026/09/01),320,350,False
10952519,【大甲鎮瀾宮xJABA】福滿豬腳麵線(1盒*1(滷豬腳650g+麵線200g))(效期至2026/07/23),469,799,False
10726198,【和秋】麻辣豆腐(450g ±5%（固形體200g)/包),139,150,False
9347659,【冷凍店取-食全】花膠煲雞湯(400g/包±5%/固形物：80g),105,159,False
11362112,【紅豆食府】酸菜白肉鍋(1200g(固形物430g)/包x1)(效期至2026/09/15),398,398,False
10726197,【和秋】麻辣鴨血(450g ±5%（固形體180g)/包),139,150,False
11654671,【鹿港圓環頂麵食館】招牌排骨酥(200G(排骨180G.高湯包20G)),115,159,False
11598848,【段純貞】剝皮辣椒濃雞湯(450g±3%/包(固形物150g)),159,159,False
11362023,【巨廚】酸菜鴨肉湯(1000g(固形物180g)/盒),139,179,False
10552466,【更加好】火鍋豆皮(3盒裝)(50g*3盒/包),105,119,False
10312415,【冷凍店取-立展】手工魚冊(120g±4%),105,119,False
9672053,【冷凍店取-匠師傅】如薏四神湯(700gx1),109,109,False
11739240,【美式賣場】紅酒燉牛肉(200g*6),399,399,False
11616918,【得意生活】清燉羊肉盧(1000g(固形物180g)),299,359,False
10326725,【冷凍店取-立展】手工蔥肉餃(105g±4%),95,119,False
11616919,【得意生活】薑母鴨(1000g(固形物180g)),199,259,False
11577382,【冊子】駿馬添喜干貝油飯(600gx1),339,400,False
11549335,【大成食品】雞汁肉丸(280g/包),139,169,False
11395295,【牛雜大王】沙茶牛肉爐(1200g±1.5%(固形物260g)),199,369,False
11362038,【巨廚】酸菜白肉鍋(1100g(固形物220g)/盒),139,179,False
10891075,【海揚鮮物】滿滿系列-花枝蝦排(300g±10%),199,209,False
10777403,【台灣G湯】九尾雞(嫩雞腿)(550±15g),169,220,False
11598847,【段純貞】蒜頭菇菇濃雞湯(450g±3%/包(固形物150g)),159,159,False
11489313,【富美】蔥燒子排(600g±10%(固形物300g，腩排支數約5-7支)*1),289,329,False
11448982,【廚鮮食代】麻辣牛雜湯(500g±10%/包(固形物120g±10%)),290,490,False
11062031,【桂冠營養研究室】蕃茄蔬菜牛肉湯(250gx1(固形物83公克)),144,210,False
10891078,【宏裕行】黃金起司番薯丸(400g/包),159,199,False
10891074,【海揚鮮物】滿滿系列-虎皮蝦捲(180g±10%),149,169,False
10820960,【鴻興鵝肉】威士忌燻鴨(300g±10g/包),299,350,False
10378319,【灶神在家】送愛到偏鄉《邊緣戶加菜計畫》((隨機出貨)◉購買者不會收到商品),250,300,False
10378301,【雙福基金會x娘家廚房】公益募集-公益愛心手路菜募集((隨機出貨)購買者不會收到商品),300,399,False
9988128,【冷凍店取-元榆牧場】香滷衝浪雞肉燥(150g±7%(固形物重100公克)),165,181,True
9018154,【冷凍店取-呷七碗】蒜味肉羹(５５０±１５公克（固形物１１０公克）),130,180,False
8158541,【冷凍店取—快樂大廚】鳳梨苦瓜雞(４１０公克（固形量１２０公克）),89,200,False
7779390,【冷凍店取—石二鍋】石二鍋精選綜合火鍋料(390g),195,265,False
11616925,【得意生活】紅燒羊肉爐(1000g(固形物180g)),299,359,False
11616920,【愛味香】富貴珠貝海鮮羹(1570g(固形物460g)),499,588,False
11582788,【錦霞樓】小卷炊粉禮盒(1100g/包),299,299,False
11526337,【廚鮮王】北海道花魚一夜干(200-300g±10%/尾),119,179,False
11414426,【冷凍店取-肉阿滿】肉阿滿-椒香滿牛爐(1800gx1),459,530,False
10947542,【喜生】香草起司雞肉燴飯(435g/盒),125,145,False
10891089,【海揚鮮物】貴妃醉蝦(300g±10%),179,199,False
10777407,【台灣G湯】招牌麻油雞(嫩雞腿)(550±15g),169,220,False
9288648,【涓豆腐】涓豆腐韓式人蔘雞(600g/盒),258,268,False
9241929,【冷凍店取-美味食足】紅燒牛肉爐(1000g/包),239,259,False
8158540,【冷凍店取—快樂大廚】人參香菇雞(４１０公克（固形量１２０公克）),89,200,False
8143482,【冷凍店取－快樂大廚】麻油雞湯(４１０ｇ／包),89,200,False
7786018,【冷凍店取—愛上鮮果】元氣南瓜濃湯(200g±4.5%/包),79,169,False
11739246,【美式賣場】泰式牛肉紅咖哩(200g*5),329,329,False
11738931,【大成食品】酒香醉雞腿(益活雞)(400g(固形物290g)/包(共2片)),429,499,False
11598846,【段純貞】獨門秘香紅燒牛肉爐(1100g/盒),359,359,False
11395320,【良品開飯】藤椒麻辣紅白燙(500g(固形物120G)),99,125,False
11395294,【牛雜大王】清燉老饕筋肉湯(500g±1.5%(固形物70g)),135,148,False
11362115,【紅豆食府】紅豆食府-酸菜魚(900g(固形物260g)/包x1),598,598,False
11357444,【肉阿滿】蕃茄滿滿牛肉爐(1500gx1(固形物500g)),459,530,False
11156603,【品川】花枝摃丸(270g),209,220,False
10820934,【怡泰】猴菇筍翅羹（奶素）(1)(效期至2026/09/08),265,265,False
10434578,【灶神在家x弗傳慈心】公益募集-認購愛心餐((三款隨機出貨)◉購買者不會收到商品),300,300,False
9661417,【冷凍店取-享吃美味】台式芋頭炊粉湯(600公克/包(固型物270公克)),119,239,False
9288649,【涓豆腐】涓豆腐經典豆腐煲湯包(300g*3/盒),188,199,False
9259823,【冷凍店取-樂廚】胡椒豬肚雞(1000g(固形物：359g)),185,229,False
8272459,【冷凍店取—愛呷阿嬤ㄟ味】蒜頭雞湯(４５０ｇ±１０％／包（內含固形物１１０ｇ±１０％）),99,149,False
11677251,【元榆牧場】咕姑菇干貝雞湯(550g±3%(固形物140g)),219,241,False
11677246,【元榆牧場】椰林鮮燉雞湯(550g±3%(固形物150g)),250,275,False
11588312,【老協珍】川味酸菜魚(1180±17公克(固形物360±10公克)),499,499,False
11549338,【阿中丸子】海陸暖鍋組(200g土9g),119,150,False
11538083,【強匠】紹興雞加酒(420±20g/包（固形物340g）)(效期至2026/07/16),139,199,False
11441172,"【欣葉·生活·廚房】山海椒香煨雞湯(2,500g(固形物1,100g))(效期至2026/09/07)",1388,1588,False
11414432,【冷凍店取-愛上新鮮】極品招牌花雕雞(520g(含固形物360g)/包),359,449,False
11362114,【紅豆食府】糙米蔘土雞湯(2500g(固形物1200g)/包x1)(效期至2026/09/14),899,899,False
11156604,【品川】花枝摃漿(200g)(效期至2026/08/19),159,175,False
11022764,【強匠－匠師傅】台式剝皮辣椒炖雞湯(450g(固形量150g)±20g),89,119,False
10964444,【新興四六一】秘製紅燒豬腳(600g(固形物400g)),239,399,False
10952517,【海揚鮮物】蒜蓉小龍蝦(750g±10%(固形物450g±10%)/盒),280,350,False
10331242,【刁民】刁民祕罈酸菜魚(刁民祕罈酸菜魚901克(±15克)；陳皮洛神茶16克(±9%)),749,769,False
10330545,【灶神在家】公益募集-認購愛心餐((三款隨機出貨)◉購買者不會收到商品),300,300,False
9524700,【冷凍店取-KS土雞王】剝皮辣椒烏骨雞湯(500gx1包),135,168,False
9241928,【冷凍店取-食分道地】韓式部隊鍋(1000g/包),199,219,False
11738926,【大成食品】經典油蔥雞腿(益活雞)(400g(固形物290g)/包 (共2片)),429,499,False
11677270,【元榆牧場】香濃白蒜雞湯(550g±3%(固形物150g)),219,241,False
11658680,【鼎泰豐】豐味櫻花蝦米糕禮盒(1盒x1),699,699,False
11658679,【鼎泰豐】東坡肉禮盒(1盒x1),888,888,False
11646569,【美式賣場】椒麻豆乳鍋鍋底(1200g*2),459,459,False
11643636,【欣手藝】山藥胡椒豬肚排骨湯(1300g(固形物325g)),499,599,False
11588319,【老協珍】太子油飯櫻花蝦干貝飯(875±15公克),629,629,False
11588318,【老協珍】私房封肉刈包(680±15公克(固形物 430±12公克))(效期至2026/08/22),599,599,False
11526327,【廚鮮王】日式蒲燒鰻魚(200g±10%/包),269,420,False
11489326,【富美】紹興醉蝦(600g±10%(固形物240g)*1),280,329,False
11489308,【富美】北杏雪梨雞湯(3500g±10%*1),780,899,False
11489293,【富美】筍絲蹄膀(1310g±5%*1),639,729,False
11395293,【良品開飯】五更腸旺(500g(固形物120G)),179,188,False
11395284,【牛雜大王】紅燒老饕筋肉湯(500g±1.5%(固形物70g)),135,148,False
11362120,【紅豆食府】麻油雞(1200g(固形物300g)/包x1)(效期至2026/09/14),398,398,False
11362076,【海揚鮮物】酸菜魚(830g±3%/盒),290,350,False
11362028,【巨廚】傳統薑母鴨(1100g(固形物220g)/盒),139,179,False
11362024,【巨廚】精燉人蔘烏骨雞(1000g(固形物220g)/盒),139,179,False
11276529,【范頭家】傳承三代烏骨雞(2500g±5%/盒(固形物950g)),880,1200,False
11156602,【品川】鮮蝦摃漿(200g)(效期至2026/08/19),199,215,False
10952521,【海揚鮮物】十三香小龍蝦(750g±10%(固形物450g±10%)/盒),280,350,False
10952515,【海揚鮮物】麻辣小龍蝦(750g±10%(固形物450g±10%)/盒),280,350,False
10820937,【鴻興鵝肉】鴻興燻茶鵝(300g±10g/包),399,450,False
10577955,【灶神在家】公益募集-邊緣戶加菜計畫(4道菜共1710g),1000,1500,False
9347639,【冷凍店取-彭園】鳳梨苦瓜雞湯(２包入)(520gx1),198,209,False
9347638,【冷凍店取-彭園】剝皮辣椒雞湯(2包入)(520gx1),198,209,False
9319925,【美式賣場】法式蕈菇起士濃湯(21公克*30包),399,399,False
9241935,【冷凍店取-食食在在】麻辣牛雜湯(1200g/包),199,219,False
9241925,【冷凍店取-美味食足】小羔羊羊肉爐(1300g/包),370,399,False
11651085,【海揚鮮物】海揚鮮物-揚記砂鍋菜(2000g±10%),388,399,False
11643639,【与玥樓】香辣水煮肥牛肉(1100g(固形物500g)),479,499,False
11643637,【欣手藝】魷魚螺肉蒜(1500g(固形物455g))(效期至2026/09/09),369,499,False
11616914,【山海宴】鮑魚佛跳牆(1800gx1),1380,1599,False
11616913,【滴水坊】老菜脯燉鍋(2000g(固形物600g)),429,499,False
11616902,【寒舍】菜脯雞湯(2000gx1),739,899,False
11609999,【王品嚴選】王品嚴選極品海鮮羹(1200g/盒),599,599,False
11609998,【王品嚴選】王品嚴選三牲拜拜保庇組(3880g/箱),1999,1999,False
11588323,【老協珍】京都排骨(460±13公克),599,599,False
11588320,【台酒】花雕蹄膀(650g),500,500,False
11588313,【台酒】酒馥花雕瑤柱雞湯(2200g(固形量850g))(效期至2026/09/04),700,700,False
11582811,【北投老爺酒店】黑蒜美人雞湯禮盒(2200g/盒),899,899,False
11577374,【餐桌溫度】極品鴨箱寶胡椒鴨(1800gx1),899,1000,False
11549599,【奇美食品】老火菌菇鍋(1100gx1),249,259,False
11549596,【奇美食品】薑母鴨(1100gx1),249,259,False
11509681,【大成食品】淮山烏骨帝王雞(2400g/包(固形量:1000g) ),829,999,False
11509674,【大成食品】珍品佛跳牆(全)(1800g/包(固形量:700g) ),799,999,False
11489325,【富美】蒜味鮑魚(400g±10%(固形物200g±10%)*1),275,329,False
11489309,【富美】白鯧米粉湯(1900g±10%*1),639,659,False
11489304,【富美】鰻魚米糕(930g±10%*1),489,529,False
11489295,【富美】什錦魚翅湯(1550g±10%*1),479,499,False
11471264,【Fami煮煮】青花椒香酥炸雞(1包X1),199,199,False
11467478,【高利水產】懷舊紅蟳米糕(1000g/盒),699,999,False
11467471,【高利水產x富美】白鯧炊粉鍋(1900g±10%(固形物1000g±10%)/盒),699,999,False
11433243,【廚鮮食代】香酥鮮魚(1100g±10%/盒(香酥鮮魚700g±10% 、糖醋醬汁 400g ±10%)),619,899,False
11414445,【冷凍店取-愛上新鮮】鮮香砂鍋魚頭(2200g(固形物800g)),699,839,False
11414438,【冷凍店取-愛上新鮮】韓式人蔘糯米雞(1800g(固形物785g)±10%/包),699,899,False
11414429,【冷凍店取-愛上新鮮】黑蒜烏骨雞湯(2500g(固形物870g)±10%/包),999,1299,False
11414420,【冷凍店取-愛上新鮮】川味酸菜魚(800g(固形物300g)±10%/包),399,499,False
11402056,【五燈獎】滿分滷肉包調理包(滿足包)(150gx3包/盒),329,329,False
11395325,【牛雜大王】麻辣牛肉爐(1200公克±1.5%(固形物250g)),199,369,False
11395323,【美式賣場】老協珍 冷凍黃金蟲草蕈菇雞湯(2830g*1),879,879,False
11395322,【牛雜大王】麻辣老饕筋肉湯(500g±1.5%(固形物70g)),135,148,False
11395313,【如你所享】四物雞湯(800g±15g(固形物210g)),239,299,False
11395298,【美式賣場】老協珍冷凍乾燒海鮮(附鍋巴)(735gx1),729,729,False
11395296,【美式賣場】老協珍冷凍金湯酸菜魚(2360gx1),899,899,False
11395289,【如你所享】剝皮辣椒雞湯(800g±15g(固形物220g)),239,299,False
11395281,【美式賣場】福記紅豆紫米粥(250g*12),399,399,False
11370462,【美式賣場】PGI 名廚美饌冷凍人蔘雞湯(1200kg*2),649,649,False
11362096,【巨廚】金門高梁半筋半肉牛肉爐(1100g(固形物240g)/盒),229,249,False
11156605,【品川】鮮蝦摃丸(270g),289,299,False
11156597,【品川】花枝蝦丸(270g)(效期至2026/09/03),259,270,False
11022752,【強匠－匠師傅】金饌人參炖雞湯(450g(固形量150g)±20g),89,119,False
10820949,【怡泰】紅燒湯（奶素）(1),240,240,False
10820928,【大成食品】厚滷老饕腿庫(800g/包),479,599,False
10777386,【台灣G湯】台灣蒜頭雞(嫩雞腿)(550±15g),169,220,False
10714156,【美式賣場】寒舍集團ＸＯ醬海鮮什錦燒(350gx2),669,669,False
10685224,【山田海大叔】古早味炊粉湯(1300g(固形物300g)/包),280,399,False
10378294,【切膚之愛基金會x娘家】公益募集-公益愛心手路菜募集((隨機出貨)◉購買者不會收到商品),300,399,False
10362082,【冷凍店取-台畜】紅燒獅子頭(600gx1),250,278,False
10331808,【美式賣場】冷凍鮮味小卷炊粉(3070gx1),829,829,True
10315939,【冷凍店取-大成享點子】海鮮濃湯(1000gx1),189,220,False
10312423,【冷凍店取-立展】手工魚餃(120g±4%),105,119,False
10289749,【冷凍店取-揪人買海鮮】官記蒜肉羹(1200gx1),249,299,False
10050195,【涓豆腐】韓式泡菜雞湯(600gx1),248,258,False
9524698,【冷凍店取-KS土雞王】麻油土雞湯(500gx1包),135,168,False
9477662,【美式賣場】元進莊冷凍薑母鴨(1.2kgx2),699,699,False
9241926,【冷凍店取-食分道地】藥燉排骨(1200g/包),199,219,False
9231123,【穀盛】果然好喝-鳳梨白葡萄雙果酢(360mlx1),179,220,False
8632362,【初耘】麻辣豆腐鴨血(４９０ｇ／盒),219,239,False
8534379,【海揚鮮物】揚記砂鍋魚頭鍋組(２４００ｇ±１０％　／組),490,499,False
11582808,【黃景龍】極品鮑魚花膠佛跳牆(2005g/盒),2380,2380,False
9323077,【如意】牛蒡絲(180公克±4.5%/包*12包),1152,1560,False
9323074,【如意】猴頭菇絲(180公克±4.5%/包*12包),1152,1560,False
10820941,【王品嚴選】鮮蝦大餛飩 (286g/盒(餛飩18g/顆，12顆/盒，湯包1包70g)),109,139,False
7790344,【王品嚴選】挪威薄鹽特大鯖魚片(180克/包),115,199,False
10355202,【四海遊龍-餃逐天下】高麗菜豬肉水餃(1470g(60顆入)/包),289,420,False
7821082,【鮮乳坊】鮮乳坊鮮乳饅頭(３１５公克（每顆３５公克，共９顆）),149,159,False
11370452,【王品嚴選】鮮肉大餛飩(286g/盒),99,125,False
10710485,【狀元世家】5吋海鮮披薩(120g),39,45,False
10331237,【東門興記】白菜韭黃豬肉水餃(650g/包),220,250,False
10710483,【狀元世家】5吋夏威夷披薩(120g),39,45,False
10706672,【冷凍店取-台灣卜蜂】奶油培根義大利麵(230公克),45,49,False
11463883,【冷凍店取-享吃海鮮】南方澳鮮撈無鹽鯖魚(200g±10%/包(2片/包)),75,118,False
11529729,【海揚鮮物】鮭魚菲力(180g±10%/包),149,169,False
7774038,【好好吃大餛飩】鮮肉大餛飩(２７６ｇ±２５ｇ／盒（共１２顆）),135,148,False
10706665,【冷凍店取-台灣卜蜂】蕃茄紅醬義大利麵(230公克),45,49,False
8827658,【冷凍店取—ＫＡＮＩ】日式風味深海帝王蟹味棒(３０ｇ／包),29,49,False
9283008,【冷凍店取-桂冠】Ohiyo桂冠芝麻包（奶素）(360gx1),69,85,False
11417764,【鮮綠生活】薄鹽鯖魚片(150公克±10%),89,129,False
10669192,【四海遊龍-餃逐天下】韭菜豬肉水餃(735g(30顆入)/包),155,225,False
10669189,【四海遊龍-餃逐天下】玉米豬肉水餃(735g(30顆入)/包),155,225,False
11634795,【王品嚴選X好侍】日式咖哩豬肉水餃(560g(20顆)),199,209,False
10710474,【狀元世家】5吋總匯披薩(120g),39,45,False
8544039,【冷凍店取－鮮綠生活】虱目魚里肌(３００ｇ±１０％／包),90,158,False
7790141,【冷凍店取—石二鍋】石二鍋１２３烏龍麵(80克*5入/袋),65,75,False
9283006,【冷凍店取-桂冠】Ohiyo桂冠奶黃包（蛋奶素）(360gx1),69,69,False
7785973,【冷凍店取—蔥阿伯】餃實在手工水餃（青蔥豬肉）(18gｘ約40顆/包),109,199,False
10669177,115/06/05起陸續出貨【四海遊龍-餃逐天下】韓式辣味豬肉水餃(735g(30顆入)/包),159,235,False
10392040,【四海遊龍-餃逐天下】高麗菜豬肉水餃(30粒入)(735g(30顆入)/包),155,225,False
10710475,【狀元世家】5吋素食夏威夷披薩(奶素)(120g),39,45,False
10820473,【永豐餘生技】芝麻燒餅(540公克/6入),120,150,False
11017290,【禾家香】鮮蔬手工素食水餃(全素)(540g(約30顆)),90,125,False
7774046,【好好吃大餛飩】菜肉大餛飩(２７６ｇ±２５ｇ／盒（共１２顆）),155,168,False
10706663,【冷凍店取-台灣卜蜂】羅勒青醬義大利麵(230公克),45,49,False
11641096,【東門興記】東門興記香菜豬肉(650g/包),219,250,False
9632714,【冷凍店取-海揚鮮物】特選智利鮭魚切片(4片)(260g±10%/包(4片)),149,179,True
9457786,【冷凍店取-宏裕行】頂級花枝丸(300g/包),230,250,False
11333766,【冷藏店取-金車滿鮮】冷藏烏龍麵３入(600g±15g/包),59,65,False
11666768,【台灣好漁】橄欖油多穀蛋餅皮(10入/600g/包),120,140,False
11333752,【冷藏店取-金車滿鮮】酸菜牛肉風味（家常麵）(227g*2入/包),75,98,False
11102937,【蔥阿伯】蔥阿伯餃實在手工水餃高麗菜豬肉(720g),109,180,False
11361680,【海揚鮮物】海揚鮮物-帶皮鱸魚片(170g±10%/包),119,150,False
9859858,【朱記】純素蔬菜水餃(580g),189,199,False
10331245,【東門興記】韭菜豬肉水餃(650g/包),220,250,True
8858603,【冷凍店取—海揚鮮物】極品原味大蝦仁(300g±10%/包),209,269,False
11224377,【彭園】老廣叉燒包(390g(6入裝)),149,169,False
10137444,【冷凍店取-宏裕行】手工花枝漿(130g/條),108,139,False
9108684,【冷凍店取-桂冠】桂冠筍香包70g6入(420gx1),75,75,False
10425661,【周家蒸餃小籠包】花蓮周家小籠包(42.5g±５％／粒*10粒裝)(效期至2026/06/20),150,165,False
9693538,【冷凍店取-宏裕行】霸王海鮮包(120g/顆),69,69,False
10137442,【冷凍店取-宏裕行】蝦仁花枝漿(130g/條),108,139,False
9108683,【冷凍店取-桂冠】桂冠肉包70g6入(420gx1),75,75,False
8826162,【冷凍店取-台灣好漁】黃金鱸魚高湯(300ml/包),120,165,False
11102938,【宏裕行】麻辣黑金包(120g),75,79,False
11068491,【朱記】花素蒸餃 (含豬油)(290g),125,165,False
9422747,【冷凍店取-宏裕行】飛魚卵花枝漿(150g/條),109,139,False
11282422,【海揚鮮物】智利鮭魚下巴 (500g±10%/包),149,149,False
9241937,【冷凍店取-健司】纖三薯鮮奶銀絲卷6入(60g*6入),99,119,False
11718052,115/06/10起陸續出貨【黑橋牌】冠軍粽禮盒(黑豬香腸粽210g*2粒+台南福粽180g*3粒),495,550,False
11598588,【大成食品】大成咕咕派(香Q紅豆麻糬)(440g/4片/盒),119,150,False
10618341,【雙月】白金彩頭炊糕(原味蘿蔔糕) (1000g),105,139,False
8602265,【冷凍店取－王品嚴選】王品嚴選剝皮辣椒豬肉水餃(５６０ｇ),149,209,False
11641106,【東門興記】東門興記玉米豬肉(650g/包)(效期至2026/07/07),219,250,False
11641109,【東門興記】東門興記韭菜豬肉蝦仁(550g/包)(效期至2026/07/11),299,350,True
11201428,【松包子】絕品起司包(330g(6顆裝)/盒),128,148,False
10669180,【四海遊龍-餃逐天下】香菇瓜仔雞水餃(735g(30顆入)/包),159,235,False
11703587,【休閒食代】花椰米雞胸肉手工水餃(500g(20粒))(效期至2026/07/28),220,299,False
11448987,【大成食品】椒麻翅小腿(330g/包),85,139,False
10713605,【禾圃原】店小二蔥仔餅(360g±5%/包；共18片),119,139,False
10392769,【冷凍店取-花蓮一品香】冷凍鮮肉扁食(160g±5g),73,99,False
8513144,【冷凍店取－鮮綠生活】虱目魚肚(１２０－１４０ｇ／包),120,192,False
7796253,【冷凍店取－大成食品】根島生態蝦仁－海蝦(１５０ｇ／包),142,179,False
10639191,【健司每日元氣】蜂蜜燕麥奶饅頭8入(40g*8/包),99,129,False
9422778,【冷凍店取-龍鳳】龍鳳冷凍蠔皇叉燒包(600g/包),135,178,False
8513145,【冷凍店取－鮮綠生活】虱目魚皮(３００ｇ±１０％／包),95,176,False
10910016,【奇美食品】冷凍高麗菜豆腐餃(660g),150,165,False
9905652,【桂冠】8入饅頭(320gx1),54,65,False
10841921,【老船長】鮮凍生吻仔魚(200g±5%/包),99,149,False
9283007,【冷凍店取-桂冠】Ohiyo桂冠紅豆包(360gx1),69,69,False
8858600,【冷凍店取—海揚鮮物】極品調理大蝦仁(300g±10%/包(包冰率20%)),179,230,False
8602266,【冷凍店取－王品嚴選】王品嚴選高麗菜豬肉水餃(５６０ｇ),149,209,False
8501739,【健司】健司每日元氣黑糖銀絲卷８入(３２０ｇ),99,119,False
11613405,【Fresh2GO】河洛嚴選墨西哥餅皮6吋(300g),109,150,False
7802553,【冷凍店取-金實】港式蘿蔔糕(100g/片*8片/包),99,99,False
10698211,【滿面香】 ＱＱ鮮奶小饅頭(408克/包),125,160,False
9566664,【冷凍店取-興達港歐董】花枝丸(300g±3%/包),149,199,False
9241938,【冷凍店取-健司】每日元氣爆漿黑芝麻包6入(65g*6入),99,119,False
11214727,【健司X辻利】抹茶芝麻燒麻糬8入(160g(20g*8)),85,99,False
11214687,【健司X辻利】抹茶花生燒麻糬8入(160g(20g*8)),85,99,False
10829471,【京采】芋鬆捲(600公克±5%(100公克/個、共6個)),165,199,False
10799225,【松包子】上品鮮肉包(360公克/(6顆裝)),128,159,False
10710491,【洋卡龍】德式辣味香腸乳酪薄餅(150g/包),69,80,False
10698215,【滿面香】 滿面香一口小饅頭(24顆)(408克/包),125,160,False
10111458,【冷藏店取-柳營牧場】起司饅頭(420g/6顆/袋),80,99,False
11681640,【冷藏店取-原鄉人】堅果雜糧饅頭(360g(90g*4粒/袋)),89,120,False
11580449,【王品嚴選】王品嚴選海味鮮蝦水餃(560g),199,209,True
10891105,【金實】嚴選極鮮澎湖花枝漿(150g±4.5%/包),110,150,False
9254256,【冷凍店取—台灣好漁】特級蛋餃(88g(8粒裝)包),95,120,False
11448969,【大成食品】美式香檸辣雞翅(300g/包),85,139,False
11333775,【冷藏店取-金車滿鮮】沙茶魷魚風味(207g*2入/包),75,98,False
11303248,【健司】香濃花生紅龜粿湯圓(20g*8),85,99,False
10171145,【朱記】高麗菜豬肉水餃(725gx1),199,235,False
9669522,【冷凍店取-廚鮮王】鮮嫩鮭魚切片(90±10%/包),58,120,False
10172024,【冷凍店取-奇美食品】剝皮辣椒鮮肉餃(22gx20入/包),115,120,False
10111453,【冷藏店取-柳營牧場】牛奶饅頭(420g/6顆/袋),80,99,False
7999926,【冷凍店取－海揚鮮物】格陵蘭大比目魚切片(３７０ｇ±１０％　／片),190,200,False
11254480,【宏裕行】鮮蝦漿(150g/包),128,149,False
10710486,【洋卡龍】夏威夷乳酪薄餅(150g/包),69,80,False
9048817,【冷凍店取-易牙居】經典鮮蝦餃(260G/10入/盒),270,280,False
11681638,【冷藏店取-原鄉人】芋頭饅頭(460g(115g*4粒/袋)),89,120,False
10714164,【昶圓】8吋墨西哥餅皮(350g),110,130,False
11677265,【海本良品】無澎發特大白蝦仁(330g/包(含包冰25%)),179,350,False
11333771,【冷藏店取-金車滿鮮】肉燥擔仔風味（油麵）(206g*2入/包),75,98,False
10820489,【永豐餘生技】鮮奶銀絲卷(40公克X8顆/包),120,150,False
10249827,【台灣好漁】日式煎餃(630g(30顆/包)),260,290,True
9891186,【冷凍店取-鮮綠生活】鱸魚菲力清肉(200-300g/包),155,259,False
8936450,【三星地區農會】三星翠玉蔥餛飩(432g/包),185,195,False
11529710,【海揚鮮物】智利鮭魚厚切(300g±10%/片),199,220,False
11333768,【冷藏店取-金車滿鮮】濃厚豚骨風味(拉麵)(211g/包),49,59,False
11201423,【晶鈺食品】又又麟兔仔包(30g*10入/包),109,118,False
11082282,【奇美食品】冷凍蔥花小饅頭(植物五辛素)(200g(10入裝)),69,99,False
10234572,【冷凍店取-奇美食品】李錦記XO醬叉燒肉包(65gx6入/包),95,95,False
7776593,【王品嚴選】阿根廷野生鮮凍魷魚(260g(130g*2尾)/包),189,398,False
10821083,【冷凍店取-享吃海鮮】超大無毒白蝦仁(150g±10%/包(包冰率20%)),139,265,False
7785986,【冷凍店取—蔥阿伯】手工水餃玉米豬肉22gｘ約40顆/包,129,129,False
11488861,【段純貞】段純貞霸王手工韭菜粉絲豬肉水餃(840g±15g(約30顆) ),219,259,False
11463902,【冷凍店取-享吃海鮮】台灣鮮嫩鯛魚片(415g±15g/包(5片/包)),199,319,False
11448972,【大成食品】十三香香雞翅(300g/包),85,139,False
10821087,【冷凍店取-享吃海鮮】五星級無膨發巴沙魚排(200g±10%/片;含包冰10%),99,159,False
10618344,【雙月】芋見幸福炊糕(芋頭糕)(1000g),105,139,False
10072933,【冷凍店取-揪人買海鮮】格陵蘭大比目魚片( 430g±10%),249,299,False
11482475,【冷藏店取-原鄉人】黑糖饅頭(460g(115g*4粒)/袋),89,120,False
11303250,【健司】濃醇芝麻草仔粿湯圓(20g*8),85,99,False
11224404,【小王煮瓜】黑金滷肉包子(390g(6入裝)),149,169,False
10399005,【山田海大叔】鬼頭刀魚排(295G±10%(4片)/包，包冰15%),179,265,False
9738999,【冷凍店取-奇美食品】黑芝麻鮮蝦餃(660g（約30粒/包）),180,200,False
9390922,【冷凍店取-阿罔姨】QQ迷你小饅頭(400g/包),125,145,False
9290809,【冷凍店取-義美】義美南瓜堅果饅頭(480gx1),89,109,False
11598586,【冷凍店取-享吃海鮮】台灣無毒鳳尾甜蝦(100g±10%/包),139,240,False
11068507,【朱記】鮮肉抄手(340g(約24顆)(抄手300g/抄手醬20g*2)),175,210,False
11032878,【桂冠營養研究室】波隆那肉醬義大利麵(330g)(效期至2026/09/02),85,129,False
10714131,【品興行】飛魚卵墨魚丸(600±15公克(約17顆)),409,450,False
10312419,【冷凍店取-龐德】冷凍印度煎餅(450gx1),79,85,False
9884064,【冷凍店取-享吃海鮮】黃金竹筴魚一夜干(330g±10%/包；2隻/包),99,199,False
9744191,【冷凍店取-享吃海鮮】鮮凍金目鱸魚清肉排(150g±10%/包),129,219,False
9290804,【義美】義美銀絲捲(420gx1),65,80,False
8565196,【朱記】鮮肉小籠湯包(360g±9g),139,165,False
11666764,【田家】田家口袋PIZZA-章魚燒風味(200g±9g(2入裝)),89,175,False
10710469,【洋卡龍】乳香培根乳酪薄餅(150g/包),69,80,False
10698213,【滿面香】 富桂滿香手工饅頭(400克/包),110,140,False
9661416,【冷凍店取-享吃海鮮】冰鮮鮭魚生魚片(100g±10%/包),179,319,False
8827660,【冷凍店取—心鮮】產銷履歷白蝦(250g±5%/盒),168,268,False
8580936,【三星地區農會】三星翠玉蔥餡餅(７５０ｇ±３％／５片／包),165,230,True
11509386,【王品嚴選】富貴XO醬蘿蔔糕(1000g),249,299,False
11463911,【冷凍店取-享吃海鮮】東北角燈捕野生鮮凍小卷(300g±10%/盒),199,319,False
9263193,【冷凍店取-山田海大叔】智利鮭魚半切2入(300g±10%(2片入)),175,250,False
7787683,【冷凍店取—台灣好漁】蒲燒台灣鯛魚腹(180g/包(三片裝)),159,180,False
11482483,【冷藏店取-原鄉人】鮮乳饅頭(460g(115g*4粒)/袋),89,120,False
10971112,【宏裕行】澎派海鮮水餃(375g(16粒)),239,265,False
10799224,【松包子】黃金筍肉包(360公克/(6顆裝)),139,169,False
10799211,【味丹】濃湯麵-蒜香雞白湯拉麵(420g(210gX2入)),109,174,False
10698216,【滿面香】 五穀全稞麥饅頭　(400克/包),110,140,False
9350400,【冷凍店取-奇美食品】冷凍鮮肉包子(65gx30入/袋),300,450,False
9100210,【冷凍店取-陳記好味】素港式蘿蔔糕(600g±30g/包),99,159,False
11666772,【全國麗園大飯店】剝皮辣椒水餃(560g，每顆28g，每包20顆。),199,220,False
11598590,【冷凍店取-享吃海鮮】野生特級秋刀魚(240g±10%/包(2隻/包)),109,198,False
11510112,【大成食品】極嫩鮮蝦滑(360g(120gX3入))(效期至2026/09/11),279,320,False
11448993,【艾酷奇】狗來富黑糖花捲饅頭(240g±3%),149,180,False
11417750,【鮮綠生活】冷凍白蝦仁(600公克(淨重450公克)±3%/包),295,399,False
11017288,【禾家香】冷凍鍋貼(810g),105,140,False
10799209,【味丹】濃湯麵-日式豚骨烏龍麵(420g(210gX2入)),109,174,False
10286654,【陳記好味】水餃(玉米)(1600g±10%/包),220,399,False
10072935,【冷凍店取-揪人買海鮮】冷凍干貝肉(小帶子)(125gx1),99,120,False
9693537,【冷凍店取-南海豐】活凍爆卵柳葉魚(400g±5%),175,250,False
9422749,【冷凍店取-宏裕行】干貝魚漿(150g/條),109,139,False
9373057,【冷凍店取-阿罔姨】芋頭包(30gx12入/包),85,105,False
8602264,【冷凍店取－王品嚴選】王品嚴選蔥燒牛肉水餃(５６０ｇ),199,269,False
11613349,【Fresh2GO】河洛嚴選墨西哥餅皮8吋(540g),159,199,False
11545864,【瘋鮮水產】鮮凍鮭魚輪切片(220g±10%/包(包冰率20%) ),136,250,False
11333754,【冷藏店取-金車滿鮮】醇郁海鮮風味(烏龍麵)(214g/包),49,59,False
11068501,【朱記】鮮蝦抄手(340g(約24顆)(抄手300g/抄手醬20g*2)),201,250,False
10994895,【健村水餃】韭菜豬肉水餃(312g±10g(12顆)),115,150,False
10879469,【三食六島】馬祖香椿素餅（素食）(10片/包(140g±4.5%/片)),239,300,False
10841934,【京采】三色牛奶小饅頭(奶素)(270g±5%),165,180,False
10829468,【台糖】梅干菜鮮肉包(400g(4入裝)),130,150,False
10820966,【台糖】台糖鮮蔬素水餃(960g/包),238,340,False
10694056,【易牙居】蝦仁燒賣(315g±5%/15入),429,450,False
10234577,【冷凍店取-鹿港第二春】頂級無毒蝦餛飩(150g±4.5%),139,165,False
9905647,【蔥阿伯】鮮肉小湯包(1400gx1),229,350,False
9839425,【冷凍店取-揚振】千層蔥油餅(１００ｇ＊１０片/包),129,159,False
9739002,【冷凍店取-奇美食品】香麥核桃仁饅頭(全素)(65gx5入/包),109,109,False
9661409,【冷凍店取-金家ㄟ】栗子地瓜包(65gx6入/包),150,180,True
9566660,【冷凍店取-山田海大叔】嚴選魷魚冰捲(200-250g/包),139,170,False
9048818,【冷凍店取-易牙居】魚子蝦燒賣(307.5G/15入/盒),350,370,False
8650203,【冷凍店取－榴槤妞妞】６．５吋榴槤披薩(１３５Ｇ／包),99,120,False
11598591,【享吃海鮮】大西洋頂級白帶魚(390g±10%/包),189,267,False
11526331,【蔥阿伯】東北水餃-打拋豬肉(540g),139,169,False
11319220,【宏裕行】韓式飛魚卵水餃(235g/包),169,199,False
10841947,【京采】京采蔓越莓饅頭(520g±5%(130g/個，共4個)),119,130,False
10698221,【滿面香】 圈圈朱古力手工饅頭　(400克/包),110,140,False
10286656,【陳記好味】韭菜元寶水餃(1600g±1.5%/包),220,399,False
10199586,【冷凍店取-享吃美味】港式蘿蔔糕(1000g;10片/包),99,159,False
9100211,【冷凍店取-陳記好味】芋頭糕(素食)(600g±30g/包),99,159,False
9100209,【冷凍店取-陳記好味】菜脯蘿蔔糕(素食)(600g±30g/包),99,159,False
8990621,【冷凍店取-段純貞】段純貞霸王手工水餃_高麗菜豬肉(840g±15g),219,239,False
11566875,【禧藏】鮭魚半月切(100g±10%),89,99,False
11276539,【蔥阿伯】花椒蒜頭醬(250g),199,280,False
11276532,【蔥阿伯】雞汁青蔥醬(250g),199,280,False
11156599,【南門點心坊】肉鬆蔥花捲(280g ±15g(4入)),159,175,False
10981581,【阿罔姨】水蒸紫薯可頌饅頭(240G/包),99,99,False
10698223,【滿面香】 蔓越晚霞手工饅頭(400克/包),110,140,False
10286658,【山田海大叔】日本熟凍帆立貝(M)(200g±10%(包冰20%)/包),129,200,False
10171138,【朱記】韭菜豬肉水餃(700gx1),199,235,False
9905646,【蔥阿伯】霸王熟鍋貼(1500gx1),199,350,False
9457802,【冷凍店取-宏裕行】干貝海鮮水餃(500g/20粒/盒),289,289,False
9283115,【冷凍店取-奇美食品】雞蛋小饅頭(20gx40顆/包),175,195,False
9259809,【冷凍店取-享吃美味】手工黃金厚片青蔥餅(750g±5%/包(5片/包)),195,345,False
9048823,【冷凍店取-易牙居】梅汁蒸排骨(每包300G/2包/盒),480,495,False
8936364,【三星地區農會】三星翠玉蔥水餃(528g/包),185,195,False
8826152,【冷凍店取-達人上菜】達人上菜牛肉高麗菜捏花水餃(638g),119,149,False
8580940,【冷凍店取—三星地區農會】三星翠玉蔥湯包(３６０ｇ／１２入／包),110,110,False
8176704,【冷凍店取－海揚鮮物】智利鮭魚厚切(３５０ｇ±１０％／片),225,240,True
7801518,【冷凍店取－大成食品】根島生態蝦仁－草蝦(１５０ｇ／包),171,199,False
11282430,【山田大叔】飽滿柳葉魚(250g/盒),150,150,False
10981593,【阿罔姨】水蒸金瓜可頌饅頭(240G/包),99,99,False
10981590,【阿罔姨】繽紛紅豆泥捲心小饅頭(300G/包)(效期至2026/07/28),129,150,False
10981570,【阿罔姨】水蒸綠菠菜可頌饅頭(240G/包),99,99,False
10929428,【禾家香】冷凍韭菜豬肉水餃(810G(約45入)/袋),125,180,False
10820969,【台糖】台糖冷凍豬肉高麗菜手工水餃(990g/包),229,320,False
10760051,【好嬸水產】肉魚清肉排(180g/包),139,199,False
10419267,【冷凍店取-揪人買海鮮】鮮凍魷魚圈(330gx1),99,125,False
9856158,【高利水產】鮮凍午仔魚(200g/尾),125,165,False
9744844,【冷凍店取-滿面香】蜜香奶茶饅頭(270g(45gx6)/包),89,109,False
9500555,【冷凍店取-奇美食品】港式蝦皇餃(225gx1),219,229,False
9290805,【義美】義美手工水餃-豬肉高麗菜(810gx1),170,180,False
9290727,【冷凍店取—蔥阿伯】餃實在鮮肉燒餃子(750g/包),109,150,False
8162599,【冷凍店取－大成食品】大成根島生態蝦(４００ｇ／１２尾／盒),409,499,False
7780434,【冷凍店取—台灣好漁】特級魚餃(100g(10粒裝)/包),69,80,False
11598593,【冷凍店取-享吃美味】澎湖野生珊瑚草(150g±4.5%/包),129,189,False
11498598,【冷凍店取】城廚蒲燒鰻(166gx1),309,450,False
11452720,【海揚鮮物】滿滿鮮味魷魚圈(５００ｇ±１０％，包冰率４０％),159,219,False
11417732,【鮮綠生活】重磅厚切鮭魚切片(420g±10%/片 (含包冰15%)),240,379,False
11380910,【鼎皇水產】魷魚圈(300g/包),109,140,False
11361671,【海揚鮮物】海揚鮮物-潮鯛魚片(170g±10%/包 (包冰率：20%)),119,150,False
10964118,【南門點心坊】巧克力Oreo捲(280公克(4入)±9公克),159,179,False
10879464,【三食六島】馬祖招牌煎餅(10片/包(110g±4.5%/片)),239,269,False
10741692,【王家水餃】王家韭菜(620g ±10g),199,220,False
10714150,【昶圓】起司培根捲(170g),59,65,False
9440883,【冷凍店取-段純貞】段純貞霸王手工玉米豬肉水餃(900公克±１５公克),219,239,False
9422774,【冷凍店取-龍鳳】龍鳳冷凍奶皇包(390g/包)(效期至2026/08/24),80,95,False
9422771,【冷凍店取-龍鳳】龍鳳冷凍芝麻包(390g/包),80,95,False
9373056,【冷凍店取-阿罔姨】奶皇包(30gx12入/包),85,105,False
8936449,【三星地區農會】三星翠玉蔥香月亮蝦餅(320g/包),159,279,False
11666776,【全國麗園大飯店】老母雞上湯水餃(560g，每顆28g，每包20顆。),199,220,False
11580439,【首爾夜】首爾夜-泡菜水餃(800g),225,250,False
11510120,【蔥阿伯】蔥阿伯 高麗菜盒子(480g),159,200,False
11489318,【艾酷奇】素三牲造型包子(150g±4.5%(50gX3入)),168,199,False
11463914,【冷凍店取-享吃海鮮】鮮凍智利鮭魚(250g±10%/包(二片/包)包冰率15-20%),159,299,False
11463887,【冷凍店取-享吃海鮮】挪威鮮凍鮭魚肚條(180g±10%/包),179,299,False
11463886,【冷凍店取-享吃海鮮】熟凍鮮紅蟳(135g±10%/包),199,369,False
11224389,【鄧師傅×松包子】芋香滷肉包(60g*6入/盒),169,188,False
11068496,【朱記】港式蘿蔔糕(1000g(100*10片)),158,188,False
10947537,【台灣好漁X故宮聯名】鮮魚豬肉手工水餃(500g± 5%/盒(20顆)),210,230,False
10730574,【銀座杏子日式豬排】匠製白玉蘿蔔糕(1000g),159,180,False
10249825,【台灣好漁】頂級大鮮肉包(400g(4粒/包)),160,180,False
10171142,【朱記】玉米豬肉水餃(700gx1),199,235,False
9856169,【高利水產】鮮凍小白鯧4入(350g±10%/包),119,169,False
9744084,【冷凍店取-享吃海鮮】台南極鮮虱目魚柳條(300g±10%/包),129,280,False
9693534,【冷凍店取-南海豐】無刺鮮嫩白帶魚菲力捲(500g±5%),209,320,False
9632722,【冷凍店取-享吃海鮮】南方澳吻仔魚(200g±10%/包(兩盒/包)),189,399,False
9566662,【冷凍店取-山田海大叔】活凍軟絲(300-400g/包),189,230,False
9433605,【冷凍店取-88款】迷你芋泥包5入(150g±10%/包(5入/包)),66,66,False
9418224,【冷凍店取-易牙居】紫米珍珠丸(300g±5%),280,300,False
8173740,【冷凍店取－紅豆食府】紅豆食府鮮肉包(４２０公克（７０ｇ／顆，６入／袋）),129,179,True
7790100,【冷凍店取-海揚鮮物】海揚鮮物龍蝦沙拉(250g±10%),129,129,False
11772206,【88款】迷你一口粽-霸王蝦米肉粽(350g±10%/包(10顆/包)),245,450,False
11479407,【宏裕行】頂級熟白蝦36/40(600gx1),439,499,False
11448988,【滿面香】黃金煎餅(240G/包),99,125,False
11361683,【海揚鮮物】海揚鮮物-日本廣島牡蠣 2L(300g±10%(含冰率15%)),299,350,False
10879461,【三食六島】馬祖泡菜煎餅(10片/包(110g±4.5%/片)),255,269,False
10356465,【好嬸水產】三去鮮香肉魚(2尾入)(280-340g(包冰率30%)/包),119,189,False
9433612,【冷凍店取-88款】迷你芝麻包5入(150g±10%/包(5入/包)),66,66,False
9390921,【冷凍店取-阿罔姨】黑糖麻糬捲捲Q饅頭(400g/包),170,200,False
9373055,【冷凍店取_阿罔姨】芝麻包(30gx12入/包),95,115,False
7786623,【冷凍店取—愛上新鮮】鮮凍智利鮭魚菲力(180g±10%/包(包冰率10%)),189,239,False
7774543,【冷凍店取—廚鮮王】九孔鮑魚(300g±10%/包(10顆/包)(含冰重)),205,399,False
11463907,"【聖凱師x愛上新鮮】北海道嚴選鮮甜干貝(160g±10%/包(6顆/包,包冰率20%))",354,459,False
11459991,【海揚鮮物】白鯧(350g±10%/包),235,288,False
10981829,【波賽頓】海鱺輪切片(200g/包),339,450,False
10760058,【好嬸水產】二去紅目鰱(2尾入)(340-430g (包冰率30%)/2尾/包),159,199,False
10710478,【狀元世家】5吋燻雞披薩(120g),39,45,False
10694841,【澎湖區漁會】澎湖優鮮海鱺魚片(100公克±5%),189,280,False
10356473,【好嬸水產】三去春神白口魚(2尾入)(340-430g(包冰率30%)/包),129,199,False
10349175,【好嬸水產】30CM-UP巨大透抽(200g-300g),219,299,False
9693536,【冷凍店取-南海豐】野生薄鹽花魚片(210g±5%),185,260,False
9589862,【魚有王】鮪魚餛飩(192g/盒(12粒)),99,126,False
9422777,【冷凍店取-龍鳳】龍鳳冷凍食蔬鮮肉包包(390g/包)(效期至2026/07/21),89,110,False
9373054,【冷凍店取-阿罔姨】豆沙包(30gx12入/包),85,105,False
9350401,【冷凍店取-易牙居】蜜汁叉燒酥-素(烤)(198g±5%(6入)),209,225,False
8843035,【冷凍店取-海揚鮮物】阿根廷魷魚(350gx1),139,199,False
7776553,【冷凍店取—廚鮮王】黑糖小饅頭20g±10%/顆(10顆/包),75,169,False
11662305,【廚鮮王】鮮甜貝柱(250±10g/盒(淨重225g)),245,490,False
11641092,【廚鮮王】鮸魚菲力切片(275g±9%/包(包冰率10%)),249,499,False
11529709,【海揚鮮物】冷凍調理白蝦冷凍調理白蝦仁仁(300g±10%(包冰率:10%)/包),199,219,False
11510124,【大成食品】極鮮虱目魚漿(360g(120gX3入))(效期至2026/09/11),179,300,False
11510121,【奇美食品】墨金魷魚餃(300g(約12顆))(效期至2026/09/14),225,250,False
11510117,【蔥阿伯】蔥阿伯 印度飛餅(500g),120,180,False
11156596,【花蓮一品香】花蓮一品香冷凍鮮蝦扁食 (160g±5g),105,120,False
10521761,【廚鮮王】台灣午仔魚一夜干(150g±10%/包),149,350,False
7786272,【冷凍店取—海揚鮮物】金豪鑽蝦仁(250g±10%),185,200,False
11772216,【88款】迷你一口粽-香腸風味粽(350g±10%/包(10顆/包)),245,450,False
11666766,【全國麗園大飯店】李氏泡菜水餃(560g，每顆28g，每包20顆。),199,220,False
11616903,【蒸荐康】青花椒麻辣湯圓(480公克/12顆(40公克/顆)),269,299,False
11603385,【瘋鮮水產】嚴選整尾三去黃魚_大尾(250-300g±10%/包),169,250,False
11545869,【廚鮮王】北島漁場開背鳳尾蝦仁(250g±10%/包(包冰率20%)),289,459,False
11460003,【海揚鮮物】燕尾(石斑魚)(450g±10%),288,388,False
11410523,【冷藏店取-七甲農產】QQ大年糕條(400gx1),199,239,False
11361681,【海揚鮮物】海揚鮮物-半殼生蠔  (6顆(約250g±10%)),119,150,False
11282428,【山田大叔】帶頭花枝肉(350G±50G/包),230,230,False
11215602,【山田海大叔】魷魚一夜干(270g±10%/包),220,250,False
10981839,【波賽頓】薄鹽土魠切片(2H;300g/片),229,299,False
10891107,【海揚鮮物】醬漬九孔鮑(150g±10%),149,169,False
10741682,【王家水餃】王家韭菜鮮蝦(620g ±10g),320,330,False
10710482,【洋卡龍】普羅旺斯雞肉乳酪薄餅(150g/包),69,80,False
10348780,【好嬸水產】特選船凍大草蝦(5尾入)(550g (包冰率45%)),269,399,False
10331817,【大成食品】金銀蒜蒸蝦(620g(固形物415g)),719,999,False
10190824,【美式賣場】Prlmuon冷凍薄皮泡菜餃子(1.13kgx1),559,559,False
10072931,【冷凍店取-揪人買海鮮】金目鱸魚片(220g±10%),155,179,False
9998480,【冷凍店取-好嬸水產】三去仙女金線魚(2尾入)(280G (包冰率30%)/包),139,209,False
9720341,【冷凍店取-廚鮮王】鮮凍潮鯛魚片(110g±10%/包),99,198,False
9433610,【冷凍店取-88款】迷你小肉包5入(150g±10%/包(5入/包)),66,66,False
9390919,【冷凍店取-阿罔姨】起司捲捲Q饅頭(400gx1),170,200,False
9316227,【冷凍店取-享吃海鮮】鮮凍特選魷魚圈(150g±10%/包),74,74,False
8790410,【冷凍店取－高利水產】東港鮪魚肚(２５０ｇ／包（淨重）),168,269,False
8216963,【海揚鮮物】十三香「極」舒肥白蝦(６００ｇ±１０％　／盒（固形物３５０ｇ）),290,350,False
11580437,【名廚美饌】台式蘿蔔糕(1000g),129,150,False
11529626,【里洋】台灣鯛魚片(275g±25g/片),139,150,False
11529614,【里洋】台灣鯛魚片(350g±50g/片),165,200,False
11529608,【易牙居】港味年禧饗宴(5道/4人份)(2618gx1),1999,2500,False
11452719,【88款】鮮嫩野生白鯧魚(220g-280g±10%/尾(含冰重)),248,430,False
11448975,【雙月】金玉滿堂流沙包(280g),259,299,False
11414417,【冷藏店取-七甲農產】年糕麵(400gx1),199,199,False
11333780,【清淨園】甜甜辣辣拌冷麵(370g/包),239,299,False
11333755,【清淨園】韓國水冷麵(780g/包),239,299,False
11156600,【品川】墨魚摃丸(270g),209,220,False
10829467,【台糖】台糖雙拼饅頭-黑糖糖蜜、南瓜籽(390g/包),90,120,False
10820958,【台糖】台糖冷凍豬肉玉米蔬菜手工水餃(990g/包),229,360,False
10820944,【台糖】台糖冷凍豬肉韭菜手工水餃(990g/包),229,360,False
10730575,【銀座杏子日式豬排】極上XO醬蘿蔔糕(1000g),229,250,False
10694842,【灶神在家】聯合募集助孩子吃飽讓夢想起飛(一組商品含米漢堡24入，(或台式菠蘿麵包30入+米漢堡12入)、(或日式紅豆麵包36入+米漢堡12入)),2000,2200,False
10694836,【灶神在家x博幼基金會】助孩子吃飽，讓夢想起飛(一組商品含米漢堡24入，(或台式菠蘿麵包30入+米漢堡12入)、(或日式紅豆麵包36入+米漢堡12入)),2000,2200,False
10392772,【冷凍店取-里洋】金目鱸魚(蝴蝶切)(200-300g/包),130,149,False
10331831,【美式賣場】宏裕行海鮮鮮蝦水餃(1.5kg (375g*4包 / 共64顆入)),829,829,False
10234570,【冷凍店取-好美禮】去刺虱目魚(500g±5%x1),300,300,False
9958669,【冷凍店取-炸味堂】黃金有卵柳葉魚(150g±10%/包),78,159,False
9418225,【冷凍店取-易牙居】金牌翅餃(225g±5%),300,350,False
9290802,【義美】豬肉韭菜水餃(1050gx1),180,199,False
8264366,【美式賣場】宏裕行冷凍綜合花枝漿(１８０Ｇ＊６包),809,809,False
7873971,【冷凍店取—美式賣場】卜蜂鮮蝦雲吞(鮮蝦雲吞144g(12入)+湯包粉10g/盒),169,169,False
7309406,【總舖獅】來酷客—奶油培根義大利麵(320克/包，36包/箱),2160,4680,False
7309404,【總舖獅】來酷客—青醬蛤蜊義大利麵(320克/包，36包/箱),2160,4680,False
7309405,【總舖獅】來酷客—蕃茄肉醬義大利麵(320克/包，36包/箱),2160,4680,False
